attempted_three_point_field_goals,blocks,slug,personal_fouls,made_three_point_field_goals,attempted_field_goals,made_free_throws,name,minutes_played,turnovers,positions,made_field_goals,games_started,age,steals,team,points,attempted_free_throws,games_played,assists,offensive_rebounds,defensive_rebounds
127,6,abrinal01,53,41,157,12,Álex Abrines,588,14,[<Position.SHOOTING_GUARD: 'SHOOTING GUARD'>],56,2,25,17,Team.OKLAHOMA_CITY_THUNDER,165,13,31,20,5,43
15,4,acyqu01,24,2,18,7,Quincy Acy,123,4,[<Position.POWER_FORWARD: 'POWER FORWARD'>],4,0,28,1,Team.PHOENIX_SUNS,17,10,10,8,3,22
74,5,adamsja01,45,25,110,7,Jaylen Adams,428,28,[<Position.POINT_GUARD: 'POINT GUARD'>],38,1,22,14,Team.ATLANTA_HAWKS,108,9,34,65,11,49
2,76,adamsst01,204,0,809,146,Steven Adams,2669,135,[<Position.CENTER: 'CENTER'>],481,80,25,117,Team.OKLAHOMA_CITY_THUNDER,1108,292,80,124,391,369
15,65,adebaba01,203,3,486,166,Bam Adebayo,1913,121,[<Position.CENTER: 'CENTER'>],280,28,21,71,Team.MIAMI_HEAT,729,226,82,184,165,432
23,4,adelde01,13,6,36,4,Deng Adel,194,6,[<Position.SMALL_FORWARD: 'SMALL FORWARD'>],11,3,21,1,Team.CLEVELAND_CAVALIERS,32,4,19,5,3,16
4,0,akoonde01,4,0,10,1,DeVaughn Akoon-Purcell,22,2,[<Position.SHOOTING_GUARD: 'SHOOTING GUARD'>],3,0,25,2,Team.DENVER_NUGGETS,7,2,7,6,1,3
42,107,aldrila01,179,10,1319,349,LaMarcus Aldridge,2687,144,[<Position.CENTER: 'CENTER'>],684,81,33,43,Team.SAN_ANTONIO_SPURS,1727,412,81,194,251,493
12,0,alkinra01,7,3,39,8,Rawle Alkins,120,8,[<Position.SHOOTING_GUARD: 'SHOOTING GUARD'>],13,1,21,1,Team.CHICAGO_BULLS,37,12,10,13,11,15
99,6,allengr01,47,32,178,45,Grayson Allen,416,33,[<Position.SHOOTING_GUARD: 'SHOOTING GUARD'>],67,2,23,6,Team.UTAH_JAZZ,211,60,38,25,3,20
45,120,allenja01,184,6,568,197,Jarrett Allen,2096,103,[<Position.CENTER: 'CENTER'>],335,80,20,43,Team.BROOKLYN_NETS,873,278,80,110,191,481
36,4,allenka01,46,17,141,42,Kadeem Allen,416,26,[<Position.SHOOTING_GUARD: 'SHOOTING GUARD'>],65,1,26,16,Team.NEW_YORK_KNICKS,189,54,19,76,8,43
280,33,aminual01,143,96,593,150,Al-Farouq Aminu,2292,72,[<Position.POWER_FORWARD: 'POWER FORWARD'>],257,81,28,68,Team.PORTLAND_TRAIL_BLAZERS,760,173,81,104,112,498
77,13,anderju01,48,24,157,26,Justin Anderson,463,23,[<Position.SMALL_FORWARD: 'SMALL FORWARD'>],64,4,25,22,Team.ATLANTA_HAWKS,178,35,48,23,24,60
34,37,anderky01,112,9,276,37,Kyle Anderson,1281,58,[<Position.SMALL_FORWARD: 'SMALL FORWARD'>],150,40,25,54,Team.MEMPHIS_GRIZZLIES,346,64,43,128,48,203
34,1,anderry01,23,7,60,11,Ryan Anderson,278,12,[<Position.POWER_FORWARD: 'POWER FORWARD'>],19,8,30,3,Team.PHOENIX_SUNS,56,14,15,17,14,31
6,0,anderry01,2,2,9,1,Ryan Anderson,44,2,[<Position.POWER_FORWARD: 'POWER FORWARD'>],2,0,30,1,Team.MIAMI_HEAT,7,2,10,2,4,5
0,1,anigbik01,0,0,3,0,Ike Anigbogu,6,1,[<Position.CENTER: 'CENTER'>],0,0,20,0,Team.INDIANA_PACERS,0,0,3,1,1,2
203,110,antetgi01,232,52,1247,500,Giannis Antetokounmpo,2358,268,[<Position.POWER_FORWARD: 'POWER FORWARD'>],721,72,24,92,Team.MILWAUKEE_BUCKS,1994,686,72,424,159,739
0,0,antetko01,0,0,3,2,Kostas Antetokounmpo,11,1,[<Position.POWER_FORWARD: 'POWER FORWARD'>],0,0,21,2,Team.DALLAS_MAVERICKS,2,4,2,0,0,1
64,7,anthoca01,32,21,121,15,Carmelo Anthony,294,8,[<Position.POWER_FORWARD: 'POWER FORWARD'>],49,2,34,4,Team.HOUSTON_ROCKETS,134,22,10,5,9,45
202,22,anunoog01,140,67,404,36,OG Anunoby,1352,55,[<Position.SMALL_FORWARD: 'SMALL FORWARD'>],183,6,21,46,Team.TORONTO_RAPTORS,469,62,67,47,58,139
217,4,arcidry01,171,81,418,89,Ryan Arcidiacono,1961,63,[<Position.POINT_GUARD: 'POINT GUARD'>],187,32,24,65,Team.CHICAGO_BULLS,544,102,81,269,27,192
139,8,arizatr01,44,50,227,36,Trevor Ariza,884,39,[<Position.SMALL_FORWARD: 'SMALL FORWARD'>],86,26,33,38,Team.PHOENIX_SUNS,258,43,26,87,16,129
295,13,arizatr01,86,95,509,94,Trevor Ariza,1465,67,[<Position.SMALL_FORWARD: 'SMALL FORWARD'>],208,43,33,53,Team.WASHINGTON_WIZARDS,605,121,43,165,34,192
311,4,augusdj01,115,131,677,181,D.J. Augustin,2269,128,[<Position.POINT_GUARD: 'POINT GUARD'>],318,81,31,52,Team.ORLANDO_MAGIC,948,209,81,426,41,162
4,67,aytonde01,209,0,870,141,Deandre Ayton,2183,126,[<Position.CENTER: 'CENTER'>],509,70,20,61,Team.PHOENIX_SUNS,1159,189,71,125,223,506
87,5,bacondw01,72,38,257,34,Dwayne Bacon,759,18,[<Position.SHOOTING_GUARD: 'SHOOTING GUARD'>],122,13,23,12,Team.CHARLOTTE_HORNETS,316,46,43,47,8,81
96,59,baglema01,120,30,706,181,Marvin Bagley,1567,98,[<Position.POWER_FORWARD: 'POWER FORWARD'>],356,4,19,33,Team.SACRAMENTO_KINGS,923,262,62,62,162,309
9,0,bakerro01,16,1,16,5,Ron Baker,107,3,[<Position.SHOOTING_GUARD: 'SHOOTING GUARD'>],4,0,25,5,Team.NEW_YORK_KNICKS,14,6,11,13,1,6
4,1,bakerro01,2,0,4,0,Ron Baker,45,2,[<Position.SHOOTING_GUARD: 'SHOOTING GUARD'>],0,0,25,1,Team.WASHINGTON_WIZARDS,0,0,4,2,0,4
9,2,baldwwa01,11,2,33,8,Wade Baldwin,94,14,[<Position.POINT_GUARD: 'POINT GUARD'>],10,0,22,1,Team.PORTLAND_TRAIL_BLAZERS,30,11,16,12,2,13
228,19,balllo01,114,75,456,20,Lonzo Ball,1423,103,[<Position.POINT_GUARD: 'POINT GUARD'>],185,45,21,69,Team.LOS_ANGELES_LAKERS,465,48,47,255,54,197
70,64,bambamo01,102,21,243,37,Mo Bamba,766,43,[<Position.CENTER: 'CENTER'>],117,1,20,13,Team.ORLANDO_MAGIC,292,63,47,39,64,169
128,1,bareajo01,50,38,385,55,J.J. Barea,752,72,[<Position.POINT_GUARD: 'POINT GUARD'>],161,0,34,22,Team.DALLAS_MAVERICKS,415,78,38,211,13,82
311,11,barneha02,79,121,717,165,Harrison Barnes,1584,68,[<Position.POWER_FORWARD: 'POWER FORWARD'>],290,49,26,33,Team.DALLAS_MAVERICKS,866,198,49,62,36,171
130,2,barneha02,43,53,310,64,Harrison Barnes,949,30,[<Position.SMALL_FORWARD: 'SMALL FORWARD'>],141,28,26,17,Team.SACRAMENTO_KINGS,399,80,28,53,21,133
196,22,bartowi01,82,67,460,57,Will Barton,1189,65,[<Position.SMALL_FORWARD: 'SMALL FORWARD'>],185,38,28,18,Team.DENVER_NUGGETS,494,74,43,124,32,167
52,14,bateske01,29,13,142,18,Keita Bates-Diop,503,14,[<Position.SMALL_FORWARD: 'SMALL FORWARD'>],60,3,23,18,Team.MINNESOTA_TIMBERWOLVES,151,28,30,17,16,67
298,43,batumni01,140,116,562,77,Nicolas Batum,2354,117,[<Position.SMALL_FORWARD: 'SMALL FORWARD'>],253,72,30,71,Team.CHARLOTTE_HORNETS,699,89,75,247,71,319
98,2,bayleje01,56,29,230,16,Jerryd Bayless,657,32,[<Position.POINT_GUARD: 'POINT GUARD'>],82,6,30,18,Team.MINNESOTA_TIMBERWOLVES,209,28,34,119,11,51
61,34,baynear01,125,21,223,53,Aron Baynes,821,40,[<Position.CENTER: 'CENTER'>],105,18,32,12,Team.BOSTON_CELTICS,284,62,51,57,88,152
300,42,bazemke01,170,96,691,127,Kent Bazemore,1643,121,[<Position.SHOOTING_GUARD: 'SHOOTING GUARD'>],278,35,29,89,Team.ATLANTA_HAWKS,779,175,67,152,37,224
596,58,bealbr01,226,209,1609,362,Bradley Beal,3028,224,[<Position.SHOOTING_GUARD: 'SHOOTING GUARD'>],764,82,25,121,Team.WASHINGTON_WIZARDS,2099,448,82,448,89,322
405,10,beaslma01,116,163,737,56,Malik Beasley,1879,55,[<Position.SHOOTING_GUARD: 'SHOOTING GUARD'>],349,18,22,55,Team.DENVER_NUGGETS,917,66,81,97,35,165
17,10,beaslmi01,42,3,153,28,Michael Beasley,277,27,[<Position.POWER_FORWARD: 'POWER FORWARD'>],75,2,30,9,Team.LOS_ANGELES_LAKERS,181,39,26,25,13,47
395,8,belinma01,121,147,690,112,Marco Belinelli,1815,72,[<Position.SHOOTING_GUARD: 'SHOOTING GUARD'>],285,1,32,35,Team.SAN_ANTONIO_SPURS,829,124,79,132,16,182
2,51,belljo01,80,0,192,25,Jordan Bell,788,42,[<Position.CENTER: 'CENTER'>],99,3,24,20,Team.GOLDEN_STATE_WARRIORS,223,41,68,76,55,129
173,41,bembrde01,190,50,616,87,DeAndre' Bembry,1931,142,[<Position.SHOOTING_GUARD: 'SHOOTING GUARD'>],275,15,24,105,Team.ATLANTA_HAWKS,687,136,82,202,54,304
101,22,bendedr01,90,22,197,32,Dragan Bender,826,37,[<Position.POWER_FORWARD: 'POWER FORWARD'>],88,27,21,18,Team.PHOENIX_SUNS,230,54,46,56,34,149
34,0,bertada02,7,10,47,0,Dairis Bertāns,167,2,[<Position.SHOOTING_GUARD: 'SHOOTING GUARD'>],12,0,29,1,Team.NEW_ORLEANS_PELICANS,34,0,12,10,2,7
338,33,bertada01,133,145,453,53,Dāvis Bertāns,1632,43,[<Position.POWER_FORWARD: 'POWER FORWARD'>],204,12,26,35,Team.SAN_ANTONIO_SPURS,606,60,76,100,23,241
282,43,beverpa01,265,112,477,96,Patrick Beverley,2137,85,[<Position.POINT_GUARD: 'POINT GUARD'>],194,49,30,67,Team.LOS_ANGELES_CLIPPERS,596,123,78,300,76,312
1,29,birchkh01,72,0,151,58,Khem Birch,643,20,[<Position.CENTER: 'CENTER'>],91,1,26,18,Team.ORLANDO_MAGIC,240,83,50,38,79,111
0,41,biyombi01,103,0,156,58,Bismack Biyombo,783,34,[<Position.CENTER: 'CENTER'>],89,32,26,11,Team.CHARLOTTE_HORNETS,236,91,54,33,81,166
257,56,bjeline01,197,103,593,70,Nemanja Bjelica,1788,82,[<Position.POWER_FORWARD: 'POWER FORWARD'>],284,70,30,54,Team.SACRAMENTO_KINGS,741,92,77,147,125,319
91,9,blakean01,41,36,396,50,Antonio Blakeney,829,35,[<Position.SHOOTING_GUARD: 'SHOOTING GUARD'>],166,3,22,12,Team.CHICAGO_BULLS,418,76,57,42,7,99
377,29,bledser01,156,124,971,177,Eric Bledsoe,2272,165,[<Position.POINT_GUARD: 'POINT GUARD'>],470,78,29,116,Team.MILWAUKEE_BUCKS,1241,236,78,430,82,280
39,8,blossja01,20,10,106,10,Jaron Blossomgame,439,11,[<Position.SMALL_FORWARD: 'SMALL FORWARD'>],47,4,25,7,Team.CLEVELAND_CAVALIERS,114,13,27,13,26,72
372,15,bogdabo01,142,134,863,134,Bogdan Bogdanović,1947,117,[<Position.SHOOTING_GUARD: 'SHOOTING GUARD'>],361,17,26,72,Team.SACRAMENTO_KINGS,990,162,70,267,40,203
386,1,bogdabo02,138,164,1051,246,Bojan Bogdanović,2573,134,[<Position.SMALL_FORWARD: 'SMALL FORWARD'>],522,81,29,69,Team.INDIANA_PACERS,1454,305,81,161,33,300
0,8,bogutan01,22,0,36,3,Andrew Bogut,134,8,[<Position.CENTER: 'CENTER'>],18,5,34,3,Team.GOLDEN_STATE_WARRIORS,39,3,11,11,12,43
96,39,boldejo01,99,34,162,13,Jonah Bolden,639,36,[<Position.POWER_FORWARD: 'POWER FORWARD'>],80,10,23,17,Team.PHILADELPHIA_76ERS,207,27,44,40,47,118
8,4,bongais01,9,0,33,9,Isaac Bonga,120,6,[<Position.POINT_GUARD: 'POINT GUARD'>],5,0,19,9,Team.LOS_ANGELES_LAKERS,19,15,22,15,9,16
414,13,bookede01,200,135,1255,393,Devin Booker,2242,264,[<Position.SHOOTING_GUARD: 'SHOOTING GUARD'>],586,64,22,56,Team.PHOENIX_SUNS,1700,454,64,433,39,226
37,24,bouchch01,31,12,76,13,Chris Boucher,163,7,[<Position.POWER_FORWARD: 'POWER FORWARD'>],34,0,26,6,Team.TORONTO_RAPTORS,93,15,28,2,16,40
172,16,bradlav01,133,58,420,20,Avery Bradley,1463,61,[<Position.SHOOTING_GUARD: 'SHOOTING GUARD'>],161,49,28,27,Team.LOS_ANGELES_CLIPPERS,400,25,49,96,35,96
73,0,bradlav01,34,28,188,23,Avery Bradley,442,28,[<Position.SHOOTING_GUARD: 'SHOOTING GUARD'>],87,14,28,14,Team.MEMPHIS_GRIZZLIES,225,25,14,56,8,36
0,2,bradlto01,6,0,16,1,Tony Bradley,36,3,[<Position.CENTER: 'CENTER'>],8,0,21,2,Team.UTAH_JAZZ,17,2,3,1,9,6
14,2,breweco01,16,4,49,9,Corey Brewer,140,8,[<Position.SMALL_FORWARD: 'SMALL FORWARD'>],20,3,32,12,Team.PHILADELPHIA_76ERS,53,13,7,10,4,13
30,5,breweco01,47,10,74,22,Corey Brewer,352,11,[<Position.SMALL_FORWARD: 'SMALL FORWARD'>],33,0,32,20,Team.SACRAMENTO_KINGS,98,30,24,29,22,37
313,38,bridgmi01,201,105,563,95,Mikal Bridges,2417,70,[<Position.SMALL_FORWARD: 'SMALL FORWARD'>],242,56,22,129,Team.PHOENIX_SUNS,684,118,82,173,56,208
200,49,bridgmi02,111,65,511,58,Miles Bridges,1696,50,[<Position.SMALL_FORWARD: 'SMALL FORWARD'>],237,25,20,55,Team.CHARLOTTE_HORNETS,597,77,80,95,67,256
34,2,briscis01,66,11,138,15,Isaiah Briscoe,559,31,[<Position.POINT_GUARD: 'POINT GUARD'>],55,0,22,11,Team.ORLANDO_MAGIC,136,26,39,87,5,69
93,4,broekry01,35,38,126,15,Ryan Broekhoff,453,16,[<Position.SHOOTING_GUARD: 'SHOOTING GUARD'>],57,0,28,6,Team.DALLAS_MAVERICKS,167,19,42,22,8,55
244,13,brogdma01,102,104,748,141,Malcolm Brogdon,1832,91,[<Position.SHOOTING_GUARD: 'SHOOTING GUARD'>],378,64,26,46,Team.MILWAUKEE_BUCKS,1001,152,64,205,65,223
40,4,brookdi01,50,15,122,22,Dillon Brooks,330,19,[<Position.SMALL_FORWARD: 'SMALL FORWARD'>],49,0,23,10,Team.MEMPHIS_GRIZZLIES,135,30,18,16,9,22
54,4,brookma01,33,15,169,23,MarShon Brooks,387,21,[<Position.SHOOTING_GUARD: 'SHOOTING GUARD'>],76,0,30,9,Team.MEMPHIS_GRIZZLIES,190,33,29,25,12,33
93,36,brownbr01,178,24,314,45,Bruce Brown,1449,46,[<Position.SHOOTING_GUARD: 'SHOOTING GUARD'>],125,56,22,40,Team.DETROIT_PISTONS,319,60,74,91,48,137
276,32,brownja02,186,95,792,133,Jaylen Brown,1913,99,[<Position.SHOOTING_GUARD: 'SHOOTING GUARD'>],368,25,22,69,Team.BOSTON_CELTICS,964,202,74,100,65,248
28,5,brownlo01,22,6,71,3,Lorenzo Brown,212,16,[<Position.POINT_GUARD: 'POINT GUARD'>],23,0,28,12,Team.TORONTO_RAPTORS,55,3,26,28,5,26
147,8,brownst02,88,53,312,29,Sterling Brown,1034,46,[<Position.SHOOTING_GUARD: 'SHOOTING GUARD'>],145,7,23,25,Team.MILWAUKEE_BUCKS,372,42,58,84,29,155
69,5,browntr01,56,22,234,32,Troy Brown,730,30,[<Position.SMALL_FORWARD: 'SMALL FORWARD'>],97,10,19,21,Team.WASHINGTON_WIZARDS,248,47,52,80,35,110
181,4,brunsja01,127,63,565,87,Jalen Brunson,1591,88,[<Position.POINT_GUARD: 'POINT GUARD'>],264,38,22,37,Team.DALLAS_MAVERICKS,678,120,73,230,25,144
99,67,bryanth01,126,33,502,107,Thomas Bryant,1496,60,[<Position.CENTER: 'CENTER'>],309,53,21,25,Team.WASHINGTON_WIZARDS,758,137,72,92,113,341
294,5,bullore01,79,114,441,56,Reggie Bullock,1355,54,[<Position.SHOOTING_GUARD: 'SHOOTING GUARD'>],182,44,27,24,Team.DETROIT_PISTONS,534,64,44,109,20,103
99,7,bullore01,30,34,153,17,Reggie Bullock,524,11,[<Position.SHOOTING_GUARD: 'SHOOTING GUARD'>],63,16,27,16,Team.LOS_ANGELES_LAKERS,177,21,19,20,2,48
86,5,burketr01,33,30,358,62,Trey Burke,689,29,[<Position.POINT_GUARD: 'POINT GUARD'>],148,7,26,21,Team.NEW_YORK_KNICKS,388,75,33,94,15,47
73,2,burketr01,25,26,190,41,Trey Burke,436,20,[<Position.POINT_GUARD: 'POINT GUARD'>],88,1,26,12,Team.DALLAS_MAVERICKS,243,49,25,65,13,24
43,4,burksal01,22,16,114,33,Alec Burks,269,15,[<Position.SHOOTING_GUARD: 'SHOOTING GUARD'>],47,0,27,6,Team.UTAH_JAZZ,143,38,17,20,2,25
119,16,burksal01,62,45,340,79,Alec Burks,979,46,[<Position.SHOOTING_GUARD: 'SHOOTING GUARD'>],136,24,27,25,Team.CLEVELAND_CAVALIERS,396,98,34,98,26,160
6,1,burksal01,7,0,20,4,Alec Burks,127,4,[<Position.SHOOTING_GUARD: 'SHOOTING GUARD'>],9,0,27,8,Team.SACRAMENTO_KINGS,22,5,13,10,2,20
27,8,burtode02,31,8,82,8,Deonte Burton,240,9,[<Position.SHOOTING_GUARD: 'SHOOTING GUARD'>],33,0,25,6,Team.OKLAHOMA_CITY_THUNDER,82,12,32,9,4,24
45,10,butleji01,18,17,157,48,Jimmy Butler,361,14,[<Position.SHOOTING_GUARD: 'SHOOTING GUARD'>],74,10,29,24,Team.MINNESOTA_TIMBERWOLVES,213,61,10,43,16,36
148,29,butleji01,93,50,747,264,Jimmy Butler,1824,81,[<Position.SMALL_FORWARD: 'SMALL FORWARD'>],344,55,29,99,Team.PHILADELPHIA_76ERS,1002,304,55,220,105,185
130,33,cabocbr01,81,48,225,42,Bruno Caboclo,800,38,[<Position.SMALL_FORWARD: 'SMALL FORWARD'>],96,19,23,14,Team.MEMPHIS_GRIZZLIES,282,50,34,50,42,116
57,3,caldejo01,64,14,120,9,José Calderón,632,35,[<Position.POINT_GUARD: 'POINT GUARD'>],45,0,37,16,Team.DETROIT_PISTONS,113,11,49,115,11,49
435,13,caldwke01,137,151,756,137,Kentavious Caldwell-Pope,2035,65,[<Position.SHOOTING_GUARD: 'SHOOTING GUARD'>],325,23,25,73,Team.LOS_ANGELES_LAKERS,938,158,82,110,48,190
72,0,canaais01,46,25,129,15,Isaiah Canaan,503,29,[<Position.POINT_GUARD: 'POINT GUARD'>],51,15,27,12,Team.PHOENIX_SUNS,142,20,19,62,5,44
19,1,canaais01,4,7,29,4,Isaiah Canaan,95,4,[<Position.POINT_GUARD: 'POINT GUARD'>],11,1,27,2,Team.MINNESOTA_TIMBERWOLVES,33,4,7,19,0,5
5,1,canaais01,2,2,6,0,Isaiah Canaan,31,2,[<Position.POINT_GUARD: 'POINT GUARD'>],2,0,27,0,Team.MILWAUKEE_BUCKS,6,0,4,3,1,3
0,102,capelca01,168,0,732,166,Clint Capela,2249,94,[<Position.CENTER: 'CENTER'>],474,67,24,44,Team.HOUSTON_ROCKETS,1114,261,67,96,298,550
310,10,carrode01,114,106,575,184,DeMarre Carroll,1703,73,[<Position.POWER_FORWARD: 'POWER FORWARD'>],227,8,32,31,Team.BROOKLYN_NETS,744,242,67,85,68,281
102,11,carteje01,55,34,185,26,Jevon Carter,577,33,[<Position.POINT_GUARD: 'POINT GUARD'>],56,3,23,26,Team.MEMPHIS_GRIZZLIES,172,32,39,69,14,52
316,27,cartevi01,141,123,468,47,Vince Carter,1330,48,[<Position.POWER_FORWARD: 'POWER FORWARD'>],196,9,42,44,Team.ATLANTA_HAWKS,562,66,76,87,31,163
32,58,cartewe01,152,6,371,89,Wendell Carter,1110,65,[<Position.CENTER: 'CENTER'>],180,44,19,26,Team.CHICAGO_BULLS,455,112,44,78,87,220
19,6,cartemi01,27,7,61,12,Michael Carter-Williams,145,10,[<Position.POINT_GUARD: 'POINT GUARD'>],25,1,27,9,Team.HOUSTON_ROCKETS,69,26,16,21,3,10
19,9,cartemi01,21,3,62,20,Michael Carter-Williams,227,10,[<Position.POINT_GUARD: 'POINT GUARD'>],21,0,27,11,Team.ORLANDO_MAGIC,65,27,12,49,16,41
50,9,carusal01,54,24,173,51,Alex Caruso,531,42,[<Position.POINT_GUARD: 'POINT GUARD'>],77,4,24,24,Team.LOS_ANGELES_LAKERS,229,64,25,77,20,47
43,9,casspom01,35,15,161,39,Omri Casspi,520,23,[<Position.SMALL_FORWARD: 'SMALL FORWARD'>],86,0,30,20,Team.MEMPHIS_GRIZZLIES,226,58,36,26,17,98
2,51,caulewi01,227,1,741,140,Willie Cauley-Stein,2213,84,[<Position.CENTER: 'CENTER'>],412,81,25,96,Team.SACRAMENTO_KINGS,965,254,81,194,181,497
3,0,caupatr01,0,2,8,0,Troy Caupain,16,0,[<Position.POINT_GUARD: 'POINT GUARD'>],4,0,23,1,Team.ORLANDO_MAGIC,10,0,4,4,1,2
5,0,cavanty01,3,1,10,2,Tyler Cavanaugh,39,1,[<Position.POWER_FORWARD: 'POWER FORWARD'>],3,0,24,0,Team.UTAH_JAZZ,9,2,11,1,3,5
0,1,chandty01,21,0,12,10,Tyson Chandler,89,7,[<Position.CENTER: 'CENTER'>],8,0,36,2,Team.PHOENIX_SUNS,26,18,7,6,7,32
1,22,chandty01,89,0,87,41,Tyson Chandler,786,35,[<Position.CENTER: 'CENTER'>],53,6,36,19,Team.LOS_ANGELES_LAKERS,147,69,48,31,85,183
118,18,chandwi01,94,46,207,13,Wilson Chandler,951,39,[<Position.POWER_FORWARD: 'POWER FORWARD'>],91,32,31,22,Team.PHILADELPHIA_76ERS,241,18,36,72,44,124
40,3,chandwi01,29,13,66,5,Wilson Chandler,226,7,[<Position.SMALL_FORWARD: 'SMALL FORWARD'>],23,1,31,3,Team.LOS_ANGELES_CLIPPERS,64,7,15,10,4,43
0,0,chealjo01,1,0,3,0,Joe Chealey,8,0,[<Position.POINT_GUARD: 'POINT GUARD'>],1,0,23,0,Team.CHARLOTTE_HORNETS,2,0,1,1,0,0
5,1,chiozch01,2,2,8,0,Chris Chiozza,33,1,[<Position.POINT_GUARD: 'POINT GUARD'>],2,0,23,1,Team.HOUSTON_ROCKETS,6,0,7,4,1,3
15,4,chrisma01,17,1,34,6,Marquese Chriss,104,12,[<Position.POWER_FORWARD: 'POWER FORWARD'>],11,0,21,2,Team.HOUSTON_ROCKETS,29,7,16,6,7,21
57,7,chrisma01,64,15,146,26,Marquese Chriss,395,24,[<Position.POWER_FORWARD: 'POWER FORWARD'>],56,2,21,15,Team.CLEVELAND_CAVALIERS,153,38,27,16,33,81
138,26,clarkga01,47,41,151,7,Gary Clark,641,7,[<Position.POWER_FORWARD: 'POWER FORWARD'>],50,2,24,20,Team.HOUSTON_ROCKETS,148,7,51,18,24,92
202,8,clarkia01,95,66,383,33,Ian Clark,973,58,[<Position.SHOOTING_GUARD: 'SHOOTING GUARD'>],151,6,27,22,Team.NEW_ORLEANS_PELICANS,401,37,60,94,13,76
445,13,clarkjo01,112,144,1180,162,Jordan Clarkson,2214,135,[<Position.SHOOTING_GUARD: 'SHOOTING GUARD'>],529,0,26,57,Team.CLEVELAND_CAVALIERS,1364,192,81,196,82,188
158,39,collijo01,199,55,831,203,John Collins,1829,120,[<Position.POWER_FORWARD: 'POWER FORWARD'>],465,59,21,22,Team.ATLANTA_HAWKS,1188,266,61,121,219,376
121,66,colliza01,174,40,400,94,Zach Collins,1356,77,[<Position.CENTER: 'CENTER'>],189,0,21,25,Team.PORTLAND_TRAIL_BLAZERS,512,126,77,71,109,215
194,9,collida01,138,79,659,158,Darren Collison,2143,125,[<Position.POINT_GUARD: 'POINT GUARD'>],308,76,31,110,Team.INDIANA_PACERS,853,190,76,459,36,196
21,1,colsobo01,3,5,39,8,Bonzie Colson,98,3,[<Position.SMALL_FORWARD: 'SMALL FORWARD'>],13,2,23,5,Team.MILWAUKEE_BUCKS,39,9,8,3,8,22
426,22,conlemi01,123,155,1120,343,Mike Conley,2342,130,[<Position.POINT_GUARD: 'POINT GUARD'>],490,70,31,94,Team.MEMPHIS_GRIZZLIES,1478,406,70,449,40,199
200,25,connapa01,81,66,350,29,Pat Connaughton,1261,33,[<Position.SHOOTING_GUARD: 'SHOOTING GUARD'>],163,2,26,33,Team.MILWAUKEE_BUCKS,421,40,61,122,61,197
200,3,cookqu01,92,81,439,20,Quinn Cook,1059,50,[<Position.POINT_GUARD: 'POINT GUARD'>],204,10,25,20,Team.GOLDEN_STATE_WARRIORS,509,26,74,116,22,135
95,44,couside01,109,26,371,106,DeMarcus Cousins,771,72,[<Position.CENTER: 'CENTER'>],178,30,28,40,Team.GOLDEN_STATE_WARRIORS,488,144,30,107,43,204
77,23,covinro01,45,30,117,17,Robert Covington,440,22,[<Position.SMALL_FORWARD: 'SMALL FORWARD'>],50,13,28,24,Team.PHILADELPHIA_76ERS,147,23,13,14,7,60
148,24,covinro01,81,55,245,51,Robert Covington,763,25,[<Position.SMALL_FORWARD: 'SMALL FORWARD'>],106,22,28,50,Team.MINNESOTA_TIMBERWOLVES,318,66,22,32,21,105
259,13,crabbal01,102,98,373,41,Allen Crabbe,1133,46,[<Position.SHOOTING_GUARD: 'SHOOTING GUARD'>],137,20,26,23,Team.BROOKLYN_NETS,413,56,43,46,16,132
188,46,craigto01,175,61,362,49,Torrey Craig,1503,44,[<Position.SMALL_FORWARD: 'SMALL FORWARD'>],160,37,28,37,Team.DENVER_NUGGETS,430,70,75,72,89,174
202,12,crawfja01,75,67,438,93,Jamal Crawford,1211,99,[<Position.SHOOTING_GUARD: 'SHOOTING GUARD'>],174,0,38,33,Team.PHOENIX_SUNS,508,110,64,229,8,77
1,0,creekmi01,3,0,10,5,Mitch Creek,36,0,[<Position.SMALL_FORWARD: 'SMALL FORWARD'>],5,0,26,1,Team.BROOKLYN_NETS,15,7,4,5,5,5
1,0,creekmi01,0,0,6,0,Mitch Creek,12,1,[<Position.SMALL_FORWARD: 'SMALL FORWARD'>],3,0,26,1,Team.MINNESOTA_TIMBERWOLVES,6,0,1,1,1,1
522,31,crowdja01,170,173,797,142,Jae Crowder,2166,85,[<Position.SMALL_FORWARD: 'SMALL FORWARD'>],318,11,28,64,Team.UTAH_JAZZ,951,197,80,133,60,324
65,13,cunnida01,71,30,158,14,Dante Cunningham,928,22,[<Position.POWER_FORWARD: 'POWER FORWARD'>],75,21,31,27,Team.SAN_ANTONIO_SPURS,194,18,64,50,48,140
251,12,curryse01,97,113,465,44,Seth Curry,1399,61,[<Position.SHOOTING_GUARD: 'SHOOTING GUARD'>],212,2,28,36,Team.PORTLAND_TRAIL_BLAZERS,581,52,74,66,27,93
810,25,curryst01,166,354,1340,263,Stephen Curry,2331,192,[<Position.POINT_GUARD: 'POINT GUARD'>],632,69,30,92,Team.GOLDEN_STATE_WARRIORS,1881,287,69,361,45,324
194,5,danietr01,79,74,275,18,Troy Daniels,760,27,[<Position.SHOOTING_GUARD: 'SHOOTING GUARD'>],113,1,27,26,Team.PHOENIX_SUNS,318,23,51,26,13,60
145,135,davisan02,132,48,1026,344,Anthony Davis,1850,112,[<Position.CENTER: 'CENTER'>],530,56,25,88,Team.NEW_ORLEANS_PELICANS,1452,433,56,218,174,498
1,5,davisde01,12,0,22,6,Deyonta Davis,118,3,[<Position.CENTER: 'CENTER'>],15,0,22,3,Team.ATLANTA_HAWKS,36,10,9,5,10,26
2,33,davised01,226,0,302,100,Ed Davis,1446,64,[<Position.CENTER: 'CENTER'>],186,1,29,35,Team.BROOKLYN_NETS,472,162,81,61,216,478
0,0,davisty01,0,0,1,0,Tyler Davis,1,0,[<Position.CENTER: 'CENTER'>],0,0,21,0,Team.OKLAHOMA_CITY_THUNDER,0,0,1,0,1,0
217,71,dedmode01,214,83,526,92,Dewayne Dedmon,1609,84,[<Position.CENTER: 'CENTER'>],259,52,29,69,Team.ATLANTA_HAWKS,693,113,64,90,105,375
13,0,dekkesa01,13,5,48,8,Sam Dekker,169,5,[<Position.POWER_FORWARD: 'POWER FORWARD'>],22,5,24,11,Team.CLEVELAND_CAVALIERS,57,10,9,9,9,24
49,7,dekkesa01,34,14,208,20,Sam Dekker,619,19,[<Position.POWER_FORWARD: 'POWER FORWARD'>],98,0,24,27,Team.WASHINGTON_WIZARDS,230,36,38,37,44,71
0,0,delgaan01,2,0,5,1,Ángel Delgado,15,0,[<Position.CENTER: 'CENTER'>],1,0,24,1,Team.LOS_ANGELES_CLIPPERS,3,2,2,0,2,2
11,0,dellama01,9,4,19,4,Matthew Dellavedova,97,11,[<Position.POINT_GUARD: 'POINT GUARD'>],6,0,28,2,Team.MILWAUKEE_BUCKS,20,4,12,29,0,10
119,2,dellama01,66,40,223,38,Matthew Dellavedova,715,57,[<Position.POINT_GUARD: 'POINT GUARD'>],92,0,28,12,Team.CLEVELAND_CAVALIERS,262,48,36,152,6,61
44,8,denglu01,24,14,118,25,Luol Deng,392,14,[<Position.SMALL_FORWARD: 'SMALL FORWARD'>],59,2,33,15,Team.MINNESOTA_TIMBERWOLVES,157,35,22,18,20,53
45,36,derozde01,177,7,1313,366,DeMar DeRozan,2688,199,[<Position.SHOOTING_GUARD: 'SHOOTING GUARD'>],631,77,29,86,Team.SAN_ANTONIO_SPURS,1635,441,77,475,54,408
20,1,derrima01,9,10,33,4,Marcus Derrickson,67,3,[<Position.POWER_FORWARD: 'POWER FORWARD'>],16,0,22,0,Team.GOLDEN_STATE_WARRIORS,46,5,11,1,8,5
4,33,diallch01,113,1,271,50,Cheick Diallo,896,49,[<Position.POWER_FORWARD: 'POWER FORWARD'>],168,1,22,29,Team.NEW_ORLEANS_PELICANS,387,67,64,33,75,257
24,10,diallha01,77,4,165,36,Hamidou Diallo,526,23,[<Position.SHOOTING_GUARD: 'SHOOTING GUARD'>],75,3,20,21,Team.OKLAHOMA_CITY_THUNDER,190,59,51,17,38,59
56,41,dienggo01,134,19,377,88,Gorgui Dieng,1031,57,[<Position.CENTER: 'CENTER'>],189,2,29,48,Team.MINNESOTA_TIMBERWOLVES,485,106,76,72,81,230
370,17,dinwisp01,187,124,828,287,Spencer Dinwiddie,1914,152,[<Position.POINT_GUARD: 'POINT GUARD'>],366,4,25,40,Team.BROOKLYN_NETS,1143,356,68,311,26,140
83,6,divindo01,38,22,124,9,Donte DiVincenzo,411,19,[<Position.SHOOTING_GUARD: 'SHOOTING GUARD'>],50,0,22,13,Team.MILWAUKEE_BUCKS,131,12,27,31,16,49
514,25,doncilu01,137,168,1186,346,Luka Dončić,2318,247,[<Position.SHOOTING_GUARD: 'SHOOTING GUARD'>],506,72,19,77,Team.DALLAS_MAVERICKS,1526,485,72,429,86,477
39,1,dorsety01,20,10,89,16,Tyler Dorsey,251,10,[<Position.SHOOTING_GUARD: 'SHOOTING GUARD'>],32,0,22,7,Team.ATLANTA_HAWKS,90,26,27,17,9,34
93,1,dorsety01,33,34,175,22,Tyler Dorsey,447,17,[<Position.SHOOTING_GUARD: 'SHOOTING GUARD'>],75,11,22,7,Team.MEMPHIS_GRIZZLIES,206,35,21,39,18,52
342,10,dotsoda01,135,126,698,73,Damyean Dotson,2004,71,[<Position.SHOOTING_GUARD: 'SHOOTING GUARD'>],290,40,24,58,Team.NEW_YORK_KNICKS,779,98,73,135,34,228
8,0,doziepj01,2,2,21,1,PJ Dozier,51,0,[<Position.SHOOTING_GUARD: 'SHOOTING GUARD'>],8,0,22,2,Team.BOSTON_CELTICS,19,2,6,5,6,11
164,5,dragigo01,81,57,433,79,Goran Dragić,991,71,[<Position.POINT_GUARD: 'POINT GUARD'>],179,22,32,30,Team.MIAMI_HEAT,494,101,36,174,20,91
38,138,drumman01,272,5,1052,243,Andre Drummond,2647,175,[<Position.CENTER: 'CENTER'>],561,79,25,136,Team.DETROIT_PISTONS,1370,412,79,112,423,809
151,16,dudleja01,131,53,239,32,Jared Dudley,1220,43,[<Position.POWER_FORWARD: 'POWER FORWARD'>],101,25,33,36,Team.BROOKLYN_NETS,287,46,59,83,34,121
96,21,dunnkr01,166,34,506,55,Kris Dunn,1389,104,[<Position.POINT_GUARD: 'POINT GUARD'>],215,44,24,68,Team.CHICAGO_BULLS,519,69,46,277,19,168
388,84,duranke01,155,137,1383,448,Kevin Durant,2702,225,[<Position.SMALL_FORWARD: 'SMALL FORWARD'>],721,78,30,58,Team.GOLDEN_STATE_WARRIORS,2027,506,78,457,33,464
1,0,duvaltr01,0,1,3,0,Trevon Duval,6,0,[<Position.POINT_GUARD: 'POINT GUARD'>],2,0,20,0,Team.MILWAUKEE_BUCKS,5,0,3,2,0,1
4,0,edwarvi01,0,1,4,0,Vince Edwards,16,0,[<Position.SMALL_FORWARD: 'SMALL FORWARD'>],1,0,22,0,Team.HOUSTON_ROCKETS,3,0,2,0,1,1
4,0,ellenhe01,2,2,10,2,Henry Ellenson,25,0,[<Position.POWER_FORWARD: 'POWER FORWARD'>],4,0,22,0,Team.DETROIT_PISTONS,12,2,2,1,0,9
34,2,ellenhe01,25,15,85,17,Henry Ellenson,234,9,[<Position.POWER_FORWARD: 'POWER FORWARD'>],35,0,22,7,Team.NEW_YORK_KNICKS,102,23,17,15,5,52
155,3,ellinwa01,40,57,184,14,Wayne Ellington,533,14,[<Position.SHOOTING_GUARD: 'SHOOTING GUARD'>],69,12,31,24,Team.MIAMI_HEAT,209,16,25,29,6,41
217,3,ellinwa01,52,81,273,25,Wayne Ellington,764,26,[<Position.SHOOTING_GUARD: 'SHOOTING GUARD'>],115,26,31,30,Team.DETROIT_PISTONS,336,33,28,43,8,52
263,122,embiijo01,211,79,1199,522,Joel Embiid,2154,226,[<Position.CENTER: 'CENTER'>],580,64,24,46,Team.PHILADELPHIA_76ERS,1761,649,64,234,160,711
120,16,ennisja01,111,44,211,42,James Ennis,949,23,[<Position.SMALL_FORWARD: 'SMALL FORWARD'>],104,25,28,38,Team.HOUSTON_ROCKETS,294,58,40,27,37,80
36,7,ennisja01,39,11,83,16,James Ennis,281,11,[<Position.SMALL_FORWARD: 'SMALL FORWARD'>],34,2,28,3,Team.PHILADELPHIA_76ERS,95,23,18,14,23,42
0,5,eubandr01,11,0,26,11,Drew Eubanks,113,8,[<Position.POWER_FORWARD: 'POWER FORWARD'>],15,0,21,2,Team.SAN_ANTONIO_SPURS,41,13,23,7,6,28
15,3,evansja02,28,4,53,0,Jacob Evans,204,11,[<Position.SHOOTING_GUARD: 'SHOOTING GUARD'>],18,1,21,5,Team.GOLDEN_STATE_WARRIORS,40,1,30,23,6,19
2,0,evansja01,8,0,13,0,Jawun Evans,64,6,[<Position.POINT_GUARD: 'POINT GUARD'>],3,0,22,3,Team.PHOENIX_SUNS,6,0,7,10,1,11
1,0,evansja01,0,0,1,0,Jawun Evans,1,0,[<Position.POINT_GUARD: 'POINT GUARD'>],0,0,22,0,Team.OKLAHOMA_CITY_THUNDER,0,0,1,0,0,0
216,18,evansty01,117,77,660,115,Tyreke Evans,1402,118,[<Position.SHOOTING_GUARD: 'SHOOTING GUARD'>],257,18,29,58,Team.INDIANA_PACERS,706,160,69,166,33,168
62,5,exumda01,69,18,241,68,Dante Exum,664,52,[<Position.POINT_GUARD: 'POINT GUARD'>],101,1,23,14,Team.UTAH_JAZZ,288,86,42,110,16,52
5,4,farieke01,8,1,42,10,Kenneth Faried,118,6,[<Position.CENTER: 'CENTER'>],25,0,29,2,Team.BROOKLYN_NETS,61,16,12,2,15,29
20,19,farieke01,74,7,223,54,Kenneth Faried,610,27,[<Position.CENTER: 'CENTER'>],131,13,29,15,Team.HOUSTON_ROCKETS,323,83,25,18,82,124
78,106,favorde01,163,17,619,154,Derrick Favors,1766,84,[<Position.CENTER: 'CENTER'>],363,70,27,56,Team.UTAH_JAZZ,897,228,76,89,207,353
4,7,feliccr01,69,0,179,50,Cristiano Felício,746,33,[<Position.CENTER: 'CENTER'>],95,0,26,11,Team.CHICAGO_BULLS,240,73,60,37,79,139
61,6,feltora01,29,20,135,12,Raymond Felton,379,14,[<Position.POINT_GUARD: 'POINT GUARD'>],55,0,34,10,Team.OKLAHOMA_CITY_THUNDER,142,13,33,52,4,30
290,16,fergute01,231,106,431,37,Terrance Ferguson,1931,47,[<Position.SHOOTING_GUARD: 'SHOOTING GUARD'>],185,74,20,40,Team.OKLAHOMA_CITY_THUNDER,513,51,74,72,33,108
149,4,ferreyo01,64,54,352,60,Yogi Ferrell,1067,40,[<Position.POINT_GUARD: 'POINT GUARD'>],153,3,25,36,Team.SACRAMENTO_KINGS,420,67,71,137,13,96
254,36,finnedo01,186,79,528,73,Dorian Finney-Smith,1985,74,[<Position.SMALL_FORWARD: 'SMALL FORWARD'>],228,26,25,69,Team.DALLAS_MAVERICKS,608,103,81,95,138,251
413,4,forbebr01,159,176,791,69,Bryn Forbes,2293,80,[<Position.SHOOTING_GUARD: 'SHOOTING GUARD'>],361,81,25,45,Team.SAN_ANTONIO_SPURS,967,78,82,175,18,221
450,12,fournev01,225,153,1069,137,Evan Fournier,2553,154,[<Position.SHOOTING_GUARD: 'SHOOTING GUARD'>],468,81,26,71,Team.ORLANDO_MAGIC,1226,170,81,295,38,220
232,45,foxde01,204,86,1102,303,De'Aaron Fox,2546,227,[<Position.POINT_GUARD: 'POINT GUARD'>],505,81,21,133,Team.SACRAMENTO_KINGS,1399,417,81,590,43,261
6,0,frazime01,6,0,21,1,Melvin Frazier,44,1,[<Position.SHOOTING_GUARD: 'SHOOTING GUARD'>],7,0,22,1,Team.ORLANDO_MAGIC,15,4,10,1,3,2
77,4,fraziti01,93,27,195,32,Tim Frazier,909,60,[<Position.POINT_GUARD: 'POINT GUARD'>],88,17,28,25,Team.NEW_ORLEANS_PELICANS,235,41,47,206,32,105
24,1,fraziti01,19,10,66,9,Tim Frazier,211,16,[<Position.POINT_GUARD: 'POINT GUARD'>],28,2,28,5,Team.MILWAUKEE_BUCKS,75,13,12,42,9,22
13,0,fredeji01,5,0,29,6,Jimmer Fredette,65,5,[<Position.SHOOTING_GUARD: 'SHOOTING GUARD'>],8,0,29,3,Team.PHOENIX_SUNS,22,6,6,8,1,6
79,5,fryech01,44,32,117,11,Channing Frye,341,13,[<Position.CENTER: 'CENTER'>],43,6,35,6,Team.CLEVELAND_CAVALIERS,129,14,36,20,4,48
14,5,fultzma01,52,4,155,21,Markelle Fultz,427,25,[<Position.SHOOTING_GUARD: 'SHOOTING GUARD'>],65,15,20,17,Team.PHILADELPHIA_76ERS,155,37,19,59,26,44
372,23,gallida01,129,161,884,367,Danilo Gallinari,2059,99,[<Position.SMALL_FORWARD: 'SMALL FORWARD'>],409,68,30,49,Team.LOS_ANGELES_CLIPPERS,1346,406,68,178,54,363
380,8,gallola01,135,135,587,81,Langston Galloway,1745,24,[<Position.SHOOTING_GUARD: 'SHOOTING GUARD'>],228,4,27,37,Team.DETROIT_PISTONS,672,96,80,85,49,122
8,1,garrebi01,3,0,27,4,Billy Garrett,63,2,[<Position.SHOOTING_GUARD: 'SHOOTING GUARD'>],11,0,24,1,Team.NEW_YORK_KNICKS,26,4,4,7,0,3
221,63,gasolma01,147,76,683,152,Marc Gasol,1788,119,[<Position.CENTER: 'CENTER'>],303,53,34,60,Team.MEMPHIS_GRIZZLIES,834,201,53,248,56,399
52,23,gasolma01,70,23,187,40,Marc Gasol,648,36,[<Position.CENTER: 'CENTER'>],87,19,34,24,Team.TORONTO_RAPTORS,237,52,26,101,24,148
10,14,gasolpa01,28,5,88,27,Pau Gasol,330,14,[<Position.CENTER: 'CENTER'>],41,6,38,5,Team.SAN_ANTONIO_SPURS,114,38,27,50,22,105
3,1,gasolpa01,1,1,6,1,Pau Gasol,30,2,[<Position.CENTER: 'CENTER'>],1,0,38,0,Team.MILWAUKEE_BUCKS,4,2,3,2,0,10
184,34,gayru01,159,74,746,120,Rudy Gay,1842,114,[<Position.POWER_FORWARD: 'POWER FORWARD'>],376,51,32,54,Team.SAN_ANTONIO_SPURS,946,147,69,182,63,407
757,34,georgpa01,214,292,1614,453,Paul George,2841,205,[<Position.SMALL_FORWARD: 'SMALL FORWARD'>],707,77,28,170,Team.OKLAHOMA_CITY_THUNDER,2159,540,77,318,105,523
34,39,gibsota01,186,11,537,134,Taj Gibson,1686,73,[<Position.POWER_FORWARD: 'POWER FORWARD'>],304,57,33,53,Team.MINNESOTA_TIMBERWOLVES,753,177,70,84,172,286
6,22,gilesha01,150,0,348,58,Harry Giles,820,73,[<Position.POWER_FORWARD: 'POWER FORWARD'>],175,0,20,31,Team.SACRAMENTO_KINGS,408,91,58,85,66,156
139,45,gilgesh01,175,51,716,156,Shai Gilgeous-Alexander,2174,141,[<Position.POINT_GUARD: 'POINT GUARD'>],341,73,20,96,Team.LOS_ANGELES_CLIPPERS,889,195,82,270,57,175
0,187,goberru01,231,0,712,332,Rudy Gobert,2577,130,[<Position.CENTER: 'CENTER'>],476,80,26,66,Team.UTAH_JAZZ,1284,522,81,161,309,732
6,0,goodwbr01,7,2,23,9,Brandon Goodwin,57,3,[<Position.POINT_GUARD: 'POINT GUARD'>],6,0,23,0,Team.DENVER_NUGGETS,23,11,16,14,1,2
347,56,gordoaa01,172,121,1046,185,Aaron Gordon,2633,162,[<Position.POWER_FORWARD: 'POWER FORWARD'>],470,78,23,57,Team.ORLANDO_MAGIC,1246,253,78,289,129,445
600,27,gordoer01,143,216,938,119,Eric Gordon,2158,90,[<Position.SHOOTING_GUARD: 'SHOOTING GUARD'>],384,53,30,41,Team.HOUSTON_ROCKETS,1103,152,68,129,17,131
0,24,gortama01,92,0,186,35,Marcin Gortat,751,50,[<Position.CENTER: 'CENTER'>],99,43,34,6,Team.LOS_ANGELES_CLIPPERS,233,48,47,65,67,194
121,2,grahade01,48,34,216,35,Devonte' Graham,676,30,[<Position.POINT_GUARD: 'POINT GUARD'>],74,3,23,23,Team.CHARLOTTE_HORNETS,217,46,46,121,10,53
128,7,grahatr01,68,38,191,18,Treveon Graham,715,17,[<Position.SHOOTING_GUARD: 'SHOOTING GUARD'>],64,21,25,13,Team.BROOKLYN_NETS,184,22,35,34,23,84
293,100,grantje01,214,115,823,157,Jerami Grant,2612,67,[<Position.POWER_FORWARD: 'POWER FORWARD'>],409,77,24,61,Team.OKLAHOMA_CITY_THUNDER,1090,221,80,79,96,321
110,6,grantje02,78,40,220,26,Jerian Grant,939,51,[<Position.POINT_GUARD: 'POINT GUARD'>],92,1,26,44,Team.ORLANDO_MAGIC,250,40,60,156,19,79
2,0,grantdo01,0,0,2,0,Donte Grantham,2,0,[<Position.SMALL_FORWARD: 'SMALL FORWARD'>],0,0,23,0,Team.OKLAHOMA_CITY_THUNDER,0,0,3,0,0,0
435,53,greenda02,171,198,630,37,Danny Green,2216,75,[<Position.SHOOTING_GUARD: 'SHOOTING GUARD'>],293,80,31,73,Team.TORONTO_RAPTORS,821,44,80,126,60,257
165,70,greendr01,197,47,422,63,Draymond Green,2065,169,[<Position.POWER_FORWARD: 'POWER FORWARD'>],188,66,28,95,Team.GOLDEN_STATE_WARRIORS,486,91,66,454,60,421
441,27,greenge01,126,156,578,57,Gerald Green,1473,55,[<Position.SHOOTING_GUARD: 'SHOOTING GUARD'>],231,0,33,33,Team.HOUSTON_ROCKETS,675,68,73,40,30,152
96,26,greenja01,123,38,312,63,JaMychal Green,900,64,[<Position.POWER_FORWARD: 'POWER FORWARD'>],151,4,28,33,Team.MEMPHIS_GRIZZLIES,403,80,41,36,72,180
80,8,greenja01,70,33,164,17,JaMychal Green,471,23,[<Position.POWER_FORWARD: 'POWER FORWARD'>],79,2,28,12,Team.LOS_ANGELES_CLIPPERS,208,21,24,14,32,125
320,39,greenje02,160,111,687,183,Jeff Green,2097,101,[<Position.POWER_FORWARD: 'POWER FORWARD'>],326,44,32,43,Team.WASHINGTON_WIZARDS,946,206,77,137,57,252
522,28,griffbl01,199,189,1341,414,Blake Griffin,2622,253,[<Position.POWER_FORWARD: 'POWER FORWARD'>],619,75,29,52,Team.DETROIT_PISTONS,1841,550,75,402,100,465
23,1,hamilda02,19,8,60,3,Daniel Hamilton,204,16,[<Position.SHOOTING_GUARD: 'SHOOTING GUARD'>],23,3,23,6,Team.ATLANTA_HAWKS,57,6,19,22,10,37
5,0,hannadu01,1,0,12,2,Dusty Hannahs,26,1,[<Position.SHOOTING_GUARD: 'SHOOTING GUARD'>],3,0,25,1,Team.MEMPHIS_GRIZZLIES,8,2,2,5,0,1
337,6,hardati02,106,117,726,199,Tim Hardaway,1499,81,[<Position.SHOOTING_GUARD: 'SHOOTING GUARD'>],282,46,26,42,Team.NEW_YORK_KNICKS,880,233,46,122,26,135
140,2,hardati02,35,45,267,33,Tim Hardaway,558,24,[<Position.SHOOTING_GUARD: 'SHOOTING GUARD'>],108,17,26,12,Team.DALLAS_MAVERICKS,294,43,19,37,7,54
1028,58,hardeja01,244,378,1909,754,James Harden,2867,387,[<Position.POINT_GUARD: 'POINT GUARD'>],843,78,29,158,Team.HOUSTON_ROCKETS,2818,858,78,586,66,452
120,53,harklma01,163,33,388,49,Maurice Harkless,1415,45,[<Position.SMALL_FORWARD: 'SMALL FORWARD'>],189,53,25,67,Team.PORTLAND_TRAIL_BLAZERS,460,73,60,74,77,192
17,110,harremo01,255,3,888,266,Montrezl Harrell,2158,132,[<Position.CENTER: 'CENTER'>],546,5,25,71,Team.LOS_ANGELES_CLIPPERS,1361,414,82,162,184,351
200,16,harride01,133,62,347,102,Devin Harris,1071,56,[<Position.POINT_GUARD: 'POINT GUARD'>],132,2,35,35,Team.DALLAS_MAVERICKS,428,134,68,122,12,100
242,19,harriga01,113,82,637,115,Gary Harris,1639,68,[<Position.SHOOTING_GUARD: 'SHOOTING GUARD'>],270,48,24,55,Team.DENVER_NUGGETS,737,144,57,127,41,119
386,17,harrijo01,182,183,748,110,Joe Harris,2293,121,[<Position.SHOOTING_GUARD: 'SHOOTING GUARD'>],374,76,27,38,Team.BROOKLYN_NETS,1041,133,76,181,52,239
258,24,harrito02,123,112,855,192,Tobias Harris,1903,109,[<Position.POWER_FORWARD: 'POWER FORWARD'>],424,55,26,40,Team.LOS_ANGELES_CLIPPERS,1152,219,55,150,37,395
135,13,harrito02,61,44,399,74,Tobias Harris,944,42,[<Position.POWER_FORWARD: 'POWER FORWARD'>],187,27,26,11,Team.PHILADELPHIA_76ERS,492,88,27,79,32,181
1,0,harrian01,1,0,2,0,Andrew Harrison,5,0,[<Position.POINT_GUARD: 'POINT GUARD'>],1,0,24,0,Team.MEMPHIS_GRIZZLIES,2,0,1,0,0,0
14,2,harrian01,26,3,39,16,Andrew Harrison,144,10,[<Position.POINT_GUARD: 'POINT GUARD'>],12,0,24,4,Team.CLEVELAND_CAVALIERS,43,16,10,17,4,11
10,0,harrian01,7,2,12,1,Andrew Harrison,38,2,[<Position.POINT_GUARD: 'POINT GUARD'>],3,0,24,0,Team.NEW_ORLEANS_PELICANS,9,2,6,7,2,3
89,30,harrish01,124,24,426,82,Shaquille Harrison,1430,60,[<Position.SHOOTING_GUARD: 'SHOOTING GUARD'>],184,11,25,89,Team.CHICAGO_BULLS,474,123,73,139,33,189
274,40,hartjo01,147,92,464,55,Josh Hart,1715,58,[<Position.SHOOTING_GUARD: 'SHOOTING GUARD'>],189,22,23,64,Team.LOS_ANGELES_LAKERS,525,80,67,93,35,213
6,12,harteis01,56,2,41,11,Isaiah Hartenstein,221,13,[<Position.POWER_FORWARD: 'POWER FORWARD'>],20,0,20,7,Team.HOUSTON_ROCKETS,53,14,28,15,21,26
12,0,hasleud01,9,0,33,3,Udonis Haslem,74,3,[<Position.CENTER: 'CENTER'>],11,1,38,0,Team.MIAMI_HEAT,25,4,10,2,3,24
231,23,haywago01,104,77,635,156,Gordon Hayward,1863,105,[<Position.POWER_FORWARD: 'POWER FORWARD'>],296,18,28,62,Team.BOSTON_CELTICS,825,187,72,244,51,271
31,11,hensojo01,16,11,67,6,John Henson,188,12,[<Position.CENTER: 'CENTER'>],31,0,28,7,Team.MILWAUKEE_BUCKS,79,10,14,14,16,55
181,24,hernaju01,94,66,314,66,Juan Hernangómez,1358,37,[<Position.POWER_FORWARD: 'POWER FORWARD'>],138,25,23,27,Team.DENVER_NUGGETS,408,86,70,55,64,201
39,20,hernawi01,98,15,295,100,Willy Hernangómez,812,58,[<Position.CENTER: 'CENTER'>],153,3,24,16,Team.CHARLOTTE_HORNETS,421,144,58,60,117,194
152,8,hezonma01,110,42,464,87,Mario Hezonja,1206,88,[<Position.SMALL_FORWARD: 'SMALL FORWARD'>],191,24,23,57,Team.NEW_YORK_KNICKS,511,114,58,88,28,211
0,3,hicksis01,5,0,8,4,Isaiah Hicks,32,1,[<Position.POWER_FORWARD: 'POWER FORWARD'>],4,0,24,1,Team.NEW_YORK_KNICKS,12,5,3,2,2,5
651,33,hieldbu01,202,278,1360,171,Buddy Hield,2615,146,[<Position.SHOOTING_GUARD: 'SHOOTING GUARD'>],623,82,26,58,Team.SACRAMENTO_KINGS,1695,193,82,205,106,306
5,0,highsha01,1,1,10,0,Haywood Highsmith,40,1,[<Position.SMALL_FORWARD: 'SMALL FORWARD'>],4,0,22,1,Team.PHILADELPHIA_76ERS,9,2,5,2,0,5
3,15,hilarne01,87,0,116,31,Nenê Hilário,546,11,[<Position.CENTER: 'CENTER'>],60,2,36,18,Team.HOUSTON_ROCKETS,151,47,42,26,34,89
28,1,hillge01,35,13,107,17,George Hill,344,20,[<Position.POINT_GUARD: 'POINT GUARD'>],55,13,32,12,Team.CLEVELAND_CAVALIERS,140,20,13,36,12,15
125,7,hillge01,67,35,269,53,George Hill,958,31,[<Position.POINT_GUARD: 'POINT GUARD'>],115,0,32,40,Team.MILWAUKEE_BUCKS,318,65,47,99,27,94
101,10,hillso01,80,32,178,23,Solomon Hill,878,31,[<Position.SMALL_FORWARD: 'SMALL FORWARD'>],68,15,27,23,Team.NEW_ORLEANS_PELICANS,191,32,44,55,34,99
127,13,holidaa01,71,43,262,41,Aaron Holiday,646,40,[<Position.POINT_GUARD: 'POINT GUARD'>],105,0,22,21,Team.INDIANA_PACERS,294,50,50,87,5,62
363,54,holidjr01,148,118,1159,208,Jrue Holiday,2402,210,[<Position.SHOOTING_GUARD: 'SHOOTING GUARD'>],547,67,28,109,Team.NEW_ORLEANS_PELICANS,1420,271,67,518,75,259
270,21,holidju01,79,97,394,41,Justin Holiday,1325,47,[<Position.SHOOTING_GUARD: 'SHOOTING GUARD'>],151,38,29,67,Team.CHICAGO_BULLS,440,46,38,85,19,150
195,15,holidju01,85,65,383,54,Justin Holiday,1282,57,[<Position.SHOOTING_GUARD: 'SHOOTING GUARD'>],149,39,29,54,Team.MEMPHIS_GRIZZLIES,417,60,44,61,27,127
0,0,hollajo02,0,0,0,0,John Holland,1,0,[<Position.SMALL_FORWARD: 'SMALL FORWARD'>],0,0,30,0,Team.CLEVELAND_CAVALIERS,0,0,1,0,0,0
49,27,holliro01,107,9,487,118,Rondae Hollis-Jefferson,1234,68,[<Position.SMALL_FORWARD: 'SMALL FORWARD'>],200,21,24,44,Team.BROOKLYN_NETS,527,183,59,96,83,227
0,79,holmeri01,194,0,365,128,Richaun Holmes,1184,52,[<Position.CENTER: 'CENTER'>],222,4,25,42,Team.PHOENIX_SUNS,572,175,70,60,115,216
152,5,hoodro01,101,55,454,104,Rodney Hood,1234,36,[<Position.SHOOTING_GUARD: 'SHOOTING GUARD'>],194,45,26,38,Team.CLEVELAND_CAVALIERS,547,114,45,92,18,94
84,7,hoodro01,45,29,217,33,Rodney Hood,659,19,[<Position.SHOOTING_GUARD: 'SHOOTING GUARD'>],98,4,26,21,Team.PORTLAND_TRAIL_BLAZERS,258,41,27,34,7,38
203,86,horfoal01,126,73,723,78,Al Horford,1973,102,[<Position.CENTER: 'CENTER'>],387,68,32,59,Team.BOSTON_CELTICS,925,95,68,283,120,338
178,11,houseda01,80,74,252,56,Danuel House,979,35,[<Position.SMALL_FORWARD: 'SMALL FORWARD'>],118,13,25,21,Team.HOUSTON_ROCKETS,366,71,39,40,25,115
0,4,howardw01,34,0,69,29,Dwight Howard,230,16,[<Position.CENTER: 'CENTER'>],43,9,33,7,Team.WASHINGTON_WIZARDS,115,48,9,4,24,59
353,25,huertke01,155,136,657,41,Kevin Huerter,2048,109,[<Position.SHOOTING_GUARD: 'SHOOTING GUARD'>],275,59,20,65,Team.ATLANTA_HAWKS,727,56,75,214,60,185
11,0,humphis01,7,3,21,0,Isaac Humphries,56,0,[<Position.CENTER: 'CENTER'>],6,1,21,1,Team.ATLANTA_HAWKS,15,0,5,0,4,7
10,0,hunterj01,3,4,13,1,R.J. Hunter,26,0,[<Position.SHOOTING_GUARD: 'SHOOTING GUARD'>],6,0,25,1,Team.BOSTON_CELTICS,17,2,1,3,1,2
50,6,hutchch01,59,14,209,23,Chandler Hutchison,895,25,[<Position.SMALL_FORWARD: 'SMALL FORWARD'>],96,14,22,23,Team.CHICAGO_BULLS,229,38,44,34,31,154
169,103,ibakase01,211,49,877,135,Serge Ibaka,2010,114,[<Position.CENTER: 'CENTER'>],464,51,29,29,Team.TORONTO_RAPTORS,1112,177,74,99,156,445
144,51,iguodan01,95,48,302,39,Andre Iguodala,1578,52,[<Position.SMALL_FORWARD: 'SMALL FORWARD'>],151,13,35,61,Team.GOLDEN_STATE_WARRIORS,389,67,68,216,48,204
160,20,ilyaser01,172,58,381,61,Ersan İlyasova,1231,48,[<Position.POWER_FORWARD: 'POWER FORWARD'>],167,7,31,32,Team.MILWAUKEE_BUCKS,453,74,67,52,94,208
483,20,inglejo01,180,189,802,87,Joe Ingles,2568,193,[<Position.POWER_FORWARD: 'POWER FORWARD'>],359,82,31,98,Team.UTAH_JAZZ,994,123,82,469,35,295
3,0,ingraan01,0,0,6,0,Andre Ingram,15,1,[<Position.SHOOTING_GUARD: 'SHOOTING GUARD'>],0,0,33,1,Team.LOS_ANGELES_LAKERS,0,0,4,0,1,1
94,31,ingrabr01,149,31,729,195,Brandon Ingram,1760,129,[<Position.SMALL_FORWARD: 'SMALL FORWARD'>],362,52,21,28,Team.LOS_ANGELES_LAKERS,950,289,52,154,41,226
434,34,irvinky01,167,174,1241,214,Kyrie Irving,2214,172,[<Position.POINT_GUARD: 'POINT GUARD'>],604,67,26,103,Team.BOSTON_CELTICS,1596,245,67,464,71,264
266,98,isaacjo01,143,86,611,110,Jonathan Isaac,1996,75,[<Position.POWER_FORWARD: 'POWER FORWARD'>],262,64,21,59,Team.ORLANDO_MAGIC,720,135,75,80,99,312
79,22,iwundwe01,123,29,274,84,Wesley Iwundu,1233,44,[<Position.SMALL_FORWARD: 'SMALL FORWARD'>],113,13,24,28,Team.ORLANDO_MAGIC,339,103,68,73,37,147
6,0,jacksde01,4,2,15,4,Demetrius Jackson,39,1,[<Position.POINT_GUARD: 'POINT GUARD'>],8,0,24,2,Team.PHILADELPHIA_76ERS,22,4,6,5,2,1
169,2,jacksfr01,92,53,447,54,Frank Jackson,1169,48,[<Position.POINT_GUARD: 'POINT GUARD'>],194,16,20,25,Team.NEW_ORLEANS_PELICANS,495,73,61,69,25,109
142,82,jacksja02,220,51,589,151,Jaren Jackson,1515,98,[<Position.POWER_FORWARD: 'POWER FORWARD'>],298,56,19,52,Team.MEMPHIS_GRIZZLIES,798,197,58,64,73,199
225,56,jacksjo02,209,73,841,143,Josh Jackson,1988,173,[<Position.SHOOTING_GUARD: 'SHOOTING GUARD'>],347,29,21,74,Team.PHOENIX_SUNS,910,213,79,183,66,281
159,13,jacksju01,67,55,295,41,Justin Jackson,1083,22,[<Position.SMALL_FORWARD: 'SMALL FORWARD'>],125,3,23,23,Team.SACRAMENTO_KINGS,346,50,52,68,25,121
86,1,jacksju01,32,32,190,21,Justin Jackson,531,7,[<Position.SMALL_FORWARD: 'SMALL FORWARD'>],92,11,23,9,Team.DALLAS_MAVERICKS,237,29,29,28,19,47
471,9,jacksre01,208,174,1047,204,Reggie Jackson,2289,148,[<Position.POINT_GUARD: 'POINT GUARD'>],441,82,28,55,Team.DETROIT_PISTONS,1260,236,82,344,45,171
327,33,jamesle01,94,111,1095,278,LeBron James,1937,197,[<Position.SMALL_FORWARD: 'SMALL FORWARD'>],558,55,34,72,Team.LOS_ANGELES_LAKERS,1505,418,55,454,57,408
0,3,jeffeam01,8,0,16,7,Amile Jefferson,68,1,[<Position.POWER_FORWARD: 'POWER FORWARD'>],10,0,25,3,Team.ORLANDO_MAGIC,27,8,12,3,6,15
2,0,jenkijo01,0,2,2,0,John Jenkins,14,0,[<Position.SHOOTING_GUARD: 'SHOOTING GUARD'>],2,0,27,0,Team.WASHINGTON_WIZARDS,6,0,4,1,0,1
56,2,jenkijo01,10,20,103,15,John Jenkins,319,9,[<Position.SHOOTING_GUARD: 'SHOOTING GUARD'>],40,0,27,0,Team.NEW_YORK_KNICKS,115,18,22,21,6,30
188,18,jerebjo01,137,69,355,64,Jonas Jerebko,1218,43,[<Position.POWER_FORWARD: 'POWER FORWARD'>],163,6,31,27,Team.GOLDEN_STATE_WARRIORS,459,80,73,96,72,216
2,3,johnsal02,7,1,16,4,Alize Johnson,64,0,[<Position.POWER_FORWARD: 'POWER FORWARD'>],4,0,22,1,Team.INDIANA_PACERS,13,8,14,1,4,15
40,13,johnsam01,99,12,157,31,Amir Johnson,529,45,[<Position.CENTER: 'CENTER'>],79,6,31,16,Team.PHILADELPHIA_76ERS,201,41,51,60,47,100
6,0,johnsbj01,3,3,16,2,B.J. Johnson,43,2,[<Position.SMALL_FORWARD: 'SMALL FORWARD'>],8,0,23,2,Team.ATLANTA_HAWKS,21,2,6,0,2,6
1,0,johnsbj01,1,0,2,0,B.J. Johnson,6,0,[<Position.SMALL_FORWARD: 'SMALL FORWARD'>],1,0,23,0,Team.SACRAMENTO_KINGS,2,0,1,0,0,0
149,27,johnsja01,114,50,379,50,James Johnson,1164,74,[<Position.POWER_FORWARD: 'POWER FORWARD'>],164,33,31,35,Team.MIAMI_HEAT,428,70,55,135,22,154
181,13,johnsst04,92,51,349,41,Stanley Johnson,961,55,[<Position.SMALL_FORWARD: 'SMALL FORWARD'>],133,7,22,48,Team.DETROIT_PISTONS,358,51,48,60,25,150
34,1,johnsst04,22,11,91,9,Stanley Johnson,247,26,[<Position.SMALL_FORWARD: 'SMALL FORWARD'>],38,0,22,12,Team.NEW_ORLEANS_PELICANS,96,13,18,28,9,33
204,21,johnsty01,72,72,401,61,Tyler Johnson,1123,63,[<Position.POINT_GUARD: 'POINT GUARD'>],171,10,26,40,Team.MIAMI_HEAT,475,88,44,112,19,102
56,6,johnsty01,25,18,125,34,Tyler Johnson,406,14,[<Position.POINT_GUARD: 'POINT GUARD'>],46,12,26,14,Team.PHOENIX_SUNS,144,39,13,54,15,37
50,7,johnswe01,45,19,88,6,Wesley Johnson,377,12,[<Position.SMALL_FORWARD: 'SMALL FORWARD'>],35,13,31,12,Team.NEW_ORLEANS_PELICANS,95,9,26,16,10,44
26,5,johnswe01,18,6,40,7,Wesley Johnson,157,6,[<Position.SMALL_FORWARD: 'SMALL FORWARD'>],10,0,31,2,Team.WASHINGTON_WIZARDS,33,10,12,7,2,16
270,55,jokicni01,228,83,1206,289,Nikola Jokić,2504,248,[<Position.CENTER: 'CENTER'>],616,80,23,108,Team.DENVER_NUGGETS,1604,352,80,580,228,637
0,25,jonesda03,63,0,74,24,Damian Jones,410,16,[<Position.CENTER: 'CENTER'>],53,22,23,12,Team.GOLDEN_STATE_WARRIORS,130,37,24,28,31,44
91,42,jonesde02,123,28,324,74,Derrick Jones,1153,43,[<Position.SMALL_FORWARD: 'SMALL FORWARD'>],160,14,21,46,Team.MIAMI_HEAT,422,122,60,37,96,144
28,2,jonesja04,27,10,62,19,Jalen Jones,214,8,[<Position.SMALL_FORWARD: 'SMALL FORWARD'>],26,0,25,9,Team.CLEVELAND_CAVALIERS,81,27,16,7,11,23
10,5,jonesje01,10,2,33,1,Jemerrio Jones,143,5,[<Position.SMALL_FORWARD: 'SMALL FORWARD'>],12,2,23,7,Team.LOS_ANGELES_LAKERS,27,2,6,13,16,33
2,0,joneste01,1,0,4,0,Terrence Jones,5,1,[<Position.POWER_FORWARD: 'POWER FORWARD'>],1,0,27,0,Team.HOUSTON_ROCKETS,2,1,2,0,0,4
126,5,jonesty01,78,40,446,58,Tyus Jones,1560,47,[<Position.POINT_GUARD: 'POINT GUARD'>],185,23,22,81,Team.MINNESOTA_TIMBERWOLVES,468,69,68,327,23,111
0,53,jordade01,125,0,323,135,DeAndre Jordan,1554,111,[<Position.CENTER: 'CENTER'>],208,50,30,33,Team.DALLAS_MAVERICKS,551,198,50,99,161,525
0,20,jordade01,42,0,123,51,DeAndre Jordan,493,42,[<Position.CENTER: 'CENTER'>],78,19,30,9,Team.NEW_YORK_KNICKS,207,66,19,57,64,152
171,22,josepco01,131,55,548,30,Cory Joseph,2063,80,[<Position.POINT_GUARD: 'POINT GUARD'>],226,9,27,94,Team.INDIANA_PACERS,537,43,82,321,39,240
139,12,kaminfr01,68,50,298,79,Frank Kaminsky,755,41,[<Position.CENTER: 'CENTER'>],138,0,25,12,Team.CHARLOTTE_HORNETS,405,107,47,63,39,124
22,17,kanteen01,106,7,468,105,Enes Kanter,1128,79,[<Position.CENTER: 'CENTER'>],251,23,26,18,Team.NEW_YORK_KNICKS,614,129,44,84,171,290
12,9,kanteen01,61,3,215,50,Enes Kanter,512,39,[<Position.CENTER: 'CENTER'>],124,8,26,14,Team.PORTLAND_TRAIL_BLAZERS,301,68,23,32,86,112
269,10,kennalu01,92,106,520,51,Luke Kennard,1437,57,[<Position.SHOOTING_GUARD: 'SHOOTING GUARD'>],228,10,22,26,Team.DETROIT_PISTONS,613,61,63,114,12,171
47,39,kiddgmi01,156,16,332,95,Michael Kidd-Gilchrist,1179,43,[<Position.POWER_FORWARD: 'POWER FORWARD'>],158,3,25,32,Team.CHARLOTTE_HORNETS,427,123,64,61,88,158
0,0,kingge03,0,0,0,0,George King,6,0,[<Position.SMALL_FORWARD: 'SMALL FORWARD'>],0,0,25,0,Team.PHOENIX_SUNS,0,0,1,0,0,1
218,78,klebima01,143,77,386,58,Maxi Kleber,1502,54,[<Position.POWER_FORWARD: 'POWER FORWARD'>],175,18,27,36,Team.DALLAS_MAVERICKS,485,74,71,70,90,239
32,0,knighbr03,14,5,47,9,Brandon Knight,118,5,[<Position.POINT_GUARD: 'POINT GUARD'>],11,0,27,2,Team.HOUSTON_ROCKETS,36,11,12,9,1,8
97,2,knighbr03,48,36,213,18,Brandon Knight,618,25,[<Position.POINT_GUARD: 'POINT GUARD'>],88,26,27,19,Team.CLEVELAND_CAVALIERS,230,23,27,62,9,41
364,24,knoxke01,175,125,914,162,Kevin Knox,2158,114,[<Position.POWER_FORWARD: 'POWER FORWARD'>],338,57,19,43,Team.NEW_YORK_KNICKS,963,226,75,82,61,274
144,2,korkmfu01,62,47,245,36,Furkan Korkmaz,679,25,[<Position.SHOOTING_GUARD: 'SHOOTING GUARD'>],98,7,21,29,Team.PHILADELPHIA_76ERS,279,44,48,52,16,91
193,42,kornelu01,41,70,283,38,Luke Kornet,784,25,[<Position.POWER_FORWARD: 'POWER FORWARD'>],107,18,23,27,Team.NEW_YORK_KNICKS,322,46,46,54,28,107
54,2,korveky01,22,25,76,13,Kyle Korver,251,17,[<Position.POWER_FORWARD: 'POWER FORWARD'>],35,0,37,3,Team.CLEVELAND_CAVALIERS,108,16,16,17,0,29
294,10,korveky01,84,113,407,47,Kyle Korver,1083,42,[<Position.SHOOTING_GUARD: 'SHOOTING GUARD'>],166,0,37,22,Team.UTAH_JAZZ,492,57,54,64,9,124
0,18,koufoko01,68,0,153,10,Kosta Koufos,502,27,[<Position.CENTER: 'CENTER'>],73,1,29,15,Team.SACRAMENTO_KINGS,156,24,42,36,52,125
184,25,kurucro01,146,58,449,72,Rodions Kurucs,1294,77,[<Position.SMALL_FORWARD: 'SMALL FORWARD'>],202,46,20,41,Team.BROOKLYN_NETS,534,92,63,52,56,190
422,26,kuzmaky01,170,128,1087,188,Kyle Kuzma,2314,133,[<Position.POWER_FORWARD: 'POWER FORWARD'>],496,68,23,41,Team.LOS_ANGELES_LAKERS,1308,250,70,178,60,322
11,3,labissk01,21,4,30,6,Skal Labissière,113,7,[<Position.POWER_FORWARD: 'POWER FORWARD'>],13,0,22,2,Team.SACRAMENTO_KINGS,36,11,13,6,4,20
2,3,labissk01,8,2,19,3,Skal Labissière,63,4,[<Position.POWER_FORWARD: 'POWER FORWARD'>],13,1,22,3,Team.PORTLAND_TRAIL_BLAZERS,31,6,9,5,5,14
330,32,lambje01,140,115,979,231,Jeremy Lamb,2250,80,[<Position.SHOOTING_GUARD: 'SHOOTING GUARD'>],431,55,26,88,Team.CHARLOTTE_HORNETS,1208,260,79,172,65,369
321,26,lavinza01,140,120,1135,312,Zach LaVine,2171,215,[<Position.SHOOTING_GUARD: 'SHOOTING GUARD'>],530,62,23,60,Team.CHICAGO_BULLS,1492,375,63,283,40,254
181,30,laymaja01,116,59,424,50,Jake Layman,1327,46,[<Position.SMALL_FORWARD: 'SMALL FORWARD'>],216,33,24,31,Team.PORTLAND_TRAIL_BLAZERS,541,71,71,53,56,161
31,19,leaftj01,35,8,183,19,T.J. Leaf,522,12,[<Position.POWER_FORWARD: 'POWER FORWARD'>],99,1,21,9,Team.INDIANA_PACERS,225,31,58,24,43,82
16,2,leeco01,13,5,47,9,Courtney Lee,160,5,[<Position.SHOOTING_GUARD: 'SHOOTING GUARD'>],21,2,33,8,Team.NEW_YORK_KNICKS,56,14,12,16,6,21
39,1,leeco01,19,11,82,5,Courtney Lee,268,9,[<Position.SHOOTING_GUARD: 'SHOOTING GUARD'>],32,4,33,13,Team.DALLAS_MAVERICKS,80,7,22,21,3,24
68,0,leeda03,28,27,127,19,Damion Lee,375,11,[<Position.SHOOTING_GUARD: 'SHOOTING GUARD'>],56,0,26,13,Team.GOLDEN_STATE_WARRIORS,158,22,32,13,8,56
5,1,lemonwa01,14,2,87,8,Walt Lemon,167,10,[<Position.POINT_GUARD: 'POINT GUARD'>],38,3,26,11,Team.CHICAGO_BULLS,86,11,6,30,4,23
204,69,lenal01,200,74,648,140,Alex Len,1544,97,[<Position.CENTER: 'CENTER'>],320,31,25,27,Team.ATLANTA_HAWKS,854,216,77,86,158,266
302,24,leonaka01,87,112,1129,364,Kawhi Leonard,2040,121,[<Position.SMALL_FORWARD: 'SMALL FORWARD'>],560,60,27,106,Team.TORONTO_RAPTORS,1596,426,60,199,78,361
111,9,leoname01,105,50,242,43,Meyers Leonard,878,43,[<Position.CENTER: 'CENTER'>],132,2,26,13,Team.PORTLAND_TRAIL_BLAZERS,357,51,61,75,49,184
11,4,leuerjo01,60,1,113,23,Jon Leuer,402,23,[<Position.POWER_FORWARD: 'POWER FORWARD'>],66,1,29,12,Team.DETROIT_PISTONS,156,31,41,14,27,70
154,14,leverca01,77,48,483,85,Caris LeVert,1063,69,[<Position.SMALL_FORWARD: 'SMALL FORWARD'>],207,25,24,42,Team.BROOKLYN_NETS,547,123,40,156,35,116
643,34,lillada01,148,237,1533,468,Damian Lillard,2838,212,[<Position.POINT_GUARD: 'POINT GUARD'>],681,80,28,88,Team.PORTLAND_TRAIL_BLAZERS,2067,513,80,551,68,303
132,7,linje01,96,44,386,142,Jeremy Lin,1003,98,[<Position.POINT_GUARD: 'POINT GUARD'>],180,1,30,38,Team.ATLANTA_HAWKS,546,168,51,181,16,103
55,6,linje01,48,11,155,34,Jeremy Lin,433,26,[<Position.POINT_GUARD: 'POINT GUARD'>],58,3,30,9,Team.TORONTO_RAPTORS,161,42,23,50,6,54
2,27,livinsh01,74,0,210,40,Shaun Livingston,967,38,[<Position.POINT_GUARD: 'POINT GUARD'>],109,0,33,31,Team.GOLDEN_STATE_WARRIORS,258,51,64,114,42,75
1,0,loftoza01,0,0,1,0,Zach Lofton,4,1,[<Position.SHOOTING_GUARD: 'SHOOTING GUARD'>],0,0,26,1,Team.DETROIT_PISTONS,0,0,1,0,0,0
10,53,looneke01,211,1,347,65,Kevon Looney,1481,51,[<Position.CENTER: 'CENTER'>],217,24,22,46,Team.GOLDEN_STATE_WARRIORS,500,105,80,123,194,223
512,179,lopezbr01,189,187,786,112,Brook Lopez,2322,82,[<Position.CENTER: 'CENTER'>],355,81,30,51,Team.MILWAUKEE_BUCKS,1009,133,81,98,33,363
31,78,lopezro01,124,7,535,89,Robin Lopez,1606,96,[<Position.CENTER: 'CENTER'>],304,36,30,11,Team.CHICAGO_BULLS,704,123,74,89,140,146
147,5,loveke01,54,53,283,103,Kevin Love,598,42,[<Position.POWER_FORWARD: 'POWER FORWARD'>],109,21,30,6,Team.CLEVELAND_CAVALIERS,374,114,22,48,33,206
453,31,lowryky01,166,157,739,161,Kyle Lowry,2213,182,[<Position.POINT_GUARD: 'POINT GUARD'>],304,65,32,91,Team.TORONTO_RAPTORS,926,194,65,564,41,271
8,0,loydjo01,5,4,18,9,Jordan Loyd,55,2,[<Position.POINT_GUARD: 'POINT GUARD'>],8,0,25,0,Team.TORONTO_RAPTORS,29,11,12,6,1,8
1,0,lucaska01,1,0,1,2,Kalin Lucas,6,0,[<Position.POINT_GUARD: 'POINT GUARD'>],0,0,29,0,Team.DETROIT_PISTONS,2,2,1,1,0,3
22,1,luwawti01,14,5,43,4,Timothé Luwawu-Cabarrot,123,5,[<Position.SMALL_FORWARD: 'SMALL FORWARD'>],13,1,23,4,Team.OKLAHOMA_CITY_THUNDER,35,6,21,4,4,14
94,7,luwawti01,59,31,175,27,Timothé Luwawu-Cabarrot,546,16,[<Position.SMALL_FORWARD: 'SMALL FORWARD'>],69,6,23,15,Team.CHICAGO_BULLS,196,35,29,22,7,72
10,0,lydonty01,10,4,18,1,Tyler Lydon,94,4,[<Position.POWER_FORWARD: 'POWER FORWARD'>],9,0,22,2,Team.DENVER_NUGGETS,23,3,25,6,7,11
200,23,lylestr01,93,51,495,81,Trey Lyles,1120,68,[<Position.POWER_FORWARD: 'POWER FORWARD'>],207,2,23,30,Team.DENVER_NUGGETS,546,116,64,87,44,202
1,0,machasc01,2,1,6,1,Scott Machado,19,0,[<Position.POINT_GUARD: 'POINT GUARD'>],4,0,28,1,Team.LOS_ANGELES_LAKERS,10,1,4,3,0,0
128,4,macksh01,81,46,389,53,Shelvin Mack,1204,62,[<Position.POINT_GUARD: 'POINT GUARD'>],161,3,28,45,Team.MEMPHIS_GRIZZLIES,421,75,53,182,18,84
2,0,macksh01,3,0,14,5,Shelvin Mack,42,4,[<Position.POINT_GUARD: 'POINT GUARD'>],2,0,28,2,Team.CHARLOTTE_HORNETS,9,9,4,1,0,2
11,0,maconda01,8,5,27,4,Daryl Macon,90,6,[<Position.SHOOTING_GUARD: 'SHOOTING GUARD'>],10,0,23,1,Team.DALLAS_MAVERICKS,29,7,8,7,2,10
4,0,macurjp01,0,0,9,0,J.P. Macura,17,0,[<Position.SHOOTING_GUARD: 'SHOOTING GUARD'>],3,0,23,0,Team.CHARLOTTE_HORNETS,6,0,2,2,0,3
16,16,mahinia01,84,3,104,42,Ian Mahinmi,498,21,[<Position.CENTER: 'CENTER'>],47,6,32,25,Team.WASHINGTON_WIZARDS,139,61,34,25,48,80
78,18,makerth01,55,26,134,20,Thon Maker,409,9,[<Position.CENTER: 'CENTER'>],59,0,21,10,Team.MILWAUKEE_BUCKS,164,37,35,18,17,79
75,33,makerth01,50,23,134,36,Thon Maker,563,24,[<Position.POWER_FORWARD: 'POWER FORWARD'>],50,5,21,11,Team.DETROIT_PISTONS,159,47,29,27,24,82
2,17,marjabo01,57,0,140,72,Boban Marjanović,376,37,[<Position.CENTER: 'CENTER'>],85,9,30,11,Team.LOS_ANGELES_CLIPPERS,242,95,36,22,55,97
8,10,marjabo01,33,4,120,26,Boban Marjanović,305,22,[<Position.CENTER: 'CENTER'>],75,3,30,5,Team.PHILADELPHIA_76ERS,180,36,22,32,32,81
332,33,markkla01,122,120,795,170,Lauri Markkanen,1682,85,[<Position.POWER_FORWARD: 'POWER FORWARD'>],342,51,21,37,Team.CHICAGO_BULLS,974,195,52,75,74,396
57,8,martija01,51,20,104,9,Jarell Martin,328,11,[<Position.POWER_FORWARD: 'POWER FORWARD'>],43,1,24,3,Team.ORLANDO_MAGIC,115,11,42,18,11,62
64,4,masonfr01,34,14,169,39,Frank Mason,435,36,[<Position.POINT_GUARD: 'POINT GUARD'>],71,0,24,16,Team.SACRAMENTO_KINGS,195,57,38,84,6,37
1,0,matenya01,0,0,4,0,Yante Maten,13,0,[<Position.POWER_FORWARD: 'POWER FORWARD'>],1,0,22,1,Team.MIAMI_HEAT,2,0,2,0,1,2
263,12,matthwe02,102,100,469,87,Wesley Matthews,1312,58,[<Position.SMALL_FORWARD: 'SMALL FORWARD'>],194,44,32,33,Team.DALLAS_MAVERICKS,575,110,44,100,20,82
10,1,matthwe02,2,2,19,4,Wesley Matthews,54,2,[<Position.SHOOTING_GUARD: 'SHOOTING GUARD'>],4,1,32,1,Team.NEW_YORK_KNICKS,14,5,2,5,1,2
130,4,matthwe02,56,48,210,41,Wesley Matthews,725,31,[<Position.SHOOTING_GUARD: 'SHOOTING GUARD'>],81,23,32,20,Team.INDIANA_PACERS,251,48,23,55,11,54
6,1,mbahalu01,8,2,18,2,Luc Mbah a Moute,61,2,[<Position.POWER_FORWARD: 'POWER FORWARD'>],8,0,32,1,Team.LOS_ANGELES_CLIPPERS,20,5,4,2,2,5
1,0,mccalta01,2,0,3,0,Tahjere McCall,8,0,[<Position.SHOOTING_GUARD: 'SHOOTING GUARD'>],2,0,24,0,Team.BROOKLYN_NETS,4,1,1,0,0,1
4,0,mccawpa01,1,1,9,0,Patrick McCaw,53,3,[<Position.SHOOTING_GUARD: 'SHOOTING GUARD'>],2,0,23,2,Team.CLEVELAND_CAVALIERS,5,0,3,2,0,3
24,2,mccawpa01,37,8,54,13,Patrick McCaw,344,14,[<Position.SHOOTING_GUARD: 'SHOOTING GUARD'>],24,1,23,21,Team.TORONTO_RAPTORS,69,15,26,27,7,38
445,28,mccolcj01,172,167,1243,159,CJ McCollum,2375,106,[<Position.SHOOTING_GUARD: 'SHOOTING GUARD'>],571,70,27,55,Team.PORTLAND_TRAIL_BLAZERS,1468,192,70,207,62,220
42,17,mccontj01,105,14,419,29,T.J. McConnell,1470,91,[<Position.POINT_GUARD: 'POINT GUARD'>],220,3,26,79,Team.PHILADELPHIA_76ERS,483,37,76,258,28,146
206,8,mcderdo01,104,84,422,66,Doug McDermott,1340,42,[<Position.SMALL_FORWARD: 'SMALL FORWARD'>],207,1,27,18,Team.INDIANA_PACERS,564,79,77,67,17,92
12,148,mcgeeja01,208,1,641,96,JaVale McGee,1671,108,[<Position.CENTER: 'CENTER'>],400,62,31,47,Team.LOS_ANGELES_LAKERS,897,152,75,52,195,371
225,12,mcgruro01,115,79,461,52,Rodney McGruder,1550,64,[<Position.SHOOTING_GUARD: 'SHOOTING GUARD'>],186,45,27,36,Team.MIAMI_HEAT,503,72,66,112,60,178
118,15,mckinal01,134,42,275,27,Alfonzo McKinnie,1003,30,[<Position.SMALL_FORWARD: 'SMALL FORWARD'>],134,5,26,18,Team.GOLDEN_STATE_WARRIORS,337,48,72,31,81,166
41,3,mclembe01,22,17,64,8,Ben McLemore,158,5,[<Position.SHOOTING_GUARD: 'SHOOTING GUARD'>],25,0,25,6,Team.SACRAMENTO_KINGS,75,12,19,4,3,14
35,7,mcraejo01,26,10,130,28,Jordan McRae,333,15,[<Position.SHOOTING_GUARD: 'SHOOTING GUARD'>],61,0,27,13,Team.WASHINGTON_WIZARDS,160,35,27,30,6,34
18,1,meeksjo01,5,8,39,1,Jodie Meeks,104,2,[<Position.SHOOTING_GUARD: 'SHOOTING GUARD'>],21,0,31,1,Team.TORONTO_RAPTORS,51,1,8,8,1,11
34,26,mejrisa01,55,11,112,20,Salah Mejri,399,21,[<Position.CENTER: 'CENTER'>],55,4,32,10,Team.DALLAS_MAVERICKS,141,32,36,35,36,95
95,23,meltode01,113,29,256,21,De'Anthony Melton,984,75,[<Position.POINT_GUARD: 'POINT GUARD'>],100,31,20,68,Team.PHOENIX_SUNS,250,28,50,159,25,109
2,2,metuch01,14,0,58,13,Chimezie Metu,145,15,[<Position.POWER_FORWARD: 'POWER FORWARD'>],19,0,21,6,Team.SAN_ANTONIO_SPURS,51,17,29,13,9,27
474,7,middlkh01,172,179,1148,216,Khris Middleton,2393,174,[<Position.SMALL_FORWARD: 'SMALL FORWARD'>],506,77,27,80,Team.MILWAUKEE_BUCKS,1407,258,77,331,50,411
137,10,milescj01,62,43,206,35,C.J. Miles,562,21,[<Position.SMALL_FORWARD: 'SMALL FORWARD'>],70,1,31,18,Team.TORONTO_RAPTORS,218,44,40,22,12,56
66,5,milescj01,17,24,105,13,C.J. Miles,294,9,[<Position.SMALL_FORWARD: 'SMALL FORWARD'>],42,0,31,8,Team.MEMPHIS_GRIZZLIES,121,14,13,14,1,26
364,23,milleda01,165,133,484,56,Darius Miller,1757,59,[<Position.SMALL_FORWARD: 'SMALL FORWARD'>],189,15,28,40,Team.NEW_ORLEANS_PELICANS,567,71,69,146,14,114
21,1,millema01,5,10,26,3,Malcolm Miller,67,1,[<Position.SMALL_FORWARD: 'SMALL FORWARD'>],11,0,25,1,Team.TORONTO_RAPTORS,35,4,10,1,1,4
404,10,millspa02,129,159,663,88,Patty Mills,1908,93,[<Position.POINT_GUARD: 'POINT GUARD'>],282,1,30,49,Team.SAN_ANTONIO_SPURS,811,103,82,245,24,158
159,54,millspa01,183,58,665,181,Paul Millsap,1895,95,[<Position.POWER_FORWARD: 'POWER FORWARD'>],322,65,33,83,Team.DENVER_NUGGETS,883,249,70,141,153,352
44,8,miltosh01,29,14,87,5,Shake Milton,268,6,[<Position.SHOOTING_GUARD: 'SHOOTING GUARD'>],34,0,22,8,Team.PHILADELPHIA_76ERS,87,7,20,18,9,26
231,25,mirotni01,86,85,407,85,Nikola Mirotić,925,37,[<Position.POWER_FORWARD: 'POWER FORWARD'>],182,22,27,21,Team.NEW_ORLEANS_PELICANS,534,101,32,35,46,218
87,9,mirotni01,21,31,135,20,Nikola Mirotić,320,11,[<Position.POWER_FORWARD: 'POWER FORWARD'>],56,3,27,10,Team.MILWAUKEE_BUCKS,163,23,14,20,14,61
519,31,mitchdo01,208,188,1530,319,Donovan Mitchell,2598,218,[<Position.SHOOTING_GUARD: 'SHOOTING GUARD'>],661,77,22,106,Team.UTAH_JAZZ,1829,396,77,322,59,257
11,1,mitrona01,10,2,20,2,Naz Mitrou-Long,84,8,[<Position.SHOOTING_GUARD: 'SHOOTING GUARD'>],6,0,25,1,Team.UTAH_JAZZ,16,2,14,15,1,5
330,19,monkma01,106,109,586,90,Malik Monk,1258,86,[<Position.SHOOTING_GUARD: 'SHOOTING GUARD'>],227,0,20,37,Team.CHARLOTTE_HORNETS,653,102,73,117,16,121
4,8,monrogr01,61,0,161,35,Greg Monroe,423,31,[<Position.CENTER: 'CENTER'>],74,2,28,13,Team.TORONTO_RAPTORS,183,61,38,16,60,96
0,0,monrogr01,0,0,5,0,Greg Monroe,5,0,[<Position.CENTER: 'CENTER'>],3,0,28,0,Team.BOSTON_CELTICS,6,0,2,1,3,0
1,0,monrogr01,5,1,23,10,Greg Monroe,52,1,[<Position.CENTER: 'CENTER'>],15,0,28,1,Team.PHILADELPHIA_76ERS,41,11,3,7,4,9
176,8,mooreet01,112,76,532,45,E'Twaun Moore,1463,59,[<Position.SHOOTING_GUARD: 'SHOOTING GUARD'>],256,36,29,40,Team.NEW_ORLEANS_PELICANS,633,59,53,102,35,92
0,0,moreler01,1,0,0,0,Eric Moreland,5,0,[<Position.POWER_FORWARD: 'POWER FORWARD'>],0,0,27,0,Team.PHOENIX_SUNS,0,0,1,0,0,3
1,1,moreler01,8,1,7,0,Eric Moreland,38,5,[<Position.POWER_FORWARD: 'POWER FORWARD'>],3,0,27,1,Team.TORONTO_RAPTORS,7,0,4,4,4,13
3,0,morrija01,1,1,10,1,Jaylen Morris,29,1,[<Position.SHOOTING_GUARD: 'SHOOTING GUARD'>],4,0,23,2,Team.MILWAUKEE_BUCKS,10,2,4,4,0,5
389,25,morrima03,181,146,844,146,Marcus Morris,2091,92,[<Position.POWER_FORWARD: 'POWER FORWARD'>],377,53,29,43,Team.BOSTON_CELTICS,1046,173,75,109,76,382
144,20,morrima02,117,48,328,57,Markieff Morris,883,47,[<Position.POWER_FORWARD: 'POWER FORWARD'>],143,15,29,25,Team.WASHINGTON_WIZARDS,391,73,34,60,41,133
59,2,morrima02,58,20,156,14,Markieff Morris,387,7,[<Position.POWER_FORWARD: 'POWER FORWARD'>],61,1,29,11,Team.OKLAHOMA_CITY_THUNDER,156,19,24,19,20,71
227,4,morrimo01,102,94,702,65,Monte Morris,1970,52,[<Position.POINT_GUARD: 'POINT GUARD'>],346,6,23,73,Team.DENVER_NUGGETS,851,81,82,297,35,159
0,1,motiedo01,6,0,6,0,Donatas Motiejūnas,13,3,[<Position.POWER_FORWARD: 'POWER FORWARD'>],3,0,28,0,Team.SAN_ANTONIO_SPURS,6,2,3,1,2,1
3,3,motlejo01,27,0,73,24,Johnathan Motley,156,16,[<Position.POWER_FORWARD: 'POWER FORWARD'>],39,0,23,5,Team.LOS_ANGELES_CLIPPERS,102,40,22,11,18,33
210,19,mudiaem01,103,69,740,144,Emmanuel Mudiay,1607,140,[<Position.POINT_GUARD: 'POINT GUARD'>],330,42,22,43,Team.NEW_YORK_KNICKS,873,186,59,228,33,163
414,27,murraja01,153,152,1173,189,Jamal Murray,2447,158,[<Position.POINT_GUARD: 'POINT GUARD'>],513,74,21,67,Team.DENVER_NUGGETS,1367,223,75,363,65,252
10,0,musadz01,1,1,22,0,Džanan Musa,39,4,[<Position.SHOOTING_GUARD: 'SHOOTING GUARD'>],9,0,19,2,Team.BROOKLYN_NETS,19,2,9,2,1,4
199,27,muscami01,112,68,278,63,Mike Muscala,1041,43,[<Position.POWER_FORWARD: 'POWER FORWARD'>],109,6,27,18,Team.PHILADELPHIA_76ERS,349,77,47,62,51,149
57,11,muscami01,18,21,83,7,Mike Muscala,265,5,[<Position.POWER_FORWARD: 'POWER FORWARD'>],36,4,27,4,Team.LOS_ANGELES_LAKERS,100,8,17,14,6,38
85,1,mykhasv01,25,27,132,12,Sviatoslav Mykhailiuk,420,20,[<Position.SMALL_FORWARD: 'SMALL FORWARD'>],44,0,21,13,Team.LOS_ANGELES_LAKERS,127,20,39,33,8,26
4,0,mykhasv01,0,2,8,0,Sviatoslav Mykhailiuk,20,1,[<Position.SMALL_FORWARD: 'SMALL FORWARD'>],2,0,21,1,Team.DETROIT_PISTONS,6,0,3,4,1,1
100,12,naderab01,68,32,215,27,Abdel Nader,694,26,[<Position.SMALL_FORWARD: 'SMALL FORWARD'>],91,1,25,20,Team.OKLAHOMA_CITY_THUNDER,241,36,61,20,14,102
98,40,nancela02,192,33,479,96,Larry Nance,1795,97,[<Position.CENTER: 'CENTER'>],249,30,26,100,Team.CLEVELAND_CAVALIERS,627,134,67,214,168,384
228,16,napiesh01,67,76,435,115,Shabazz Napier,983,66,[<Position.POINT_GUARD: 'POINT GUARD'>],169,2,27,41,Team.BROOKLYN_NETS,529,138,56,143,18,82
60,4,netora01,49,20,161,28,Raul Neto,474,35,[<Position.POINT_GUARD: 'POINT GUARD'>],74,1,26,14,Team.UTAH_JAZZ,196,33,37,93,6,56
105,6,niangge01,57,43,181,20,Georges Niang,516,23,[<Position.POWER_FORWARD: 'POWER FORWARD'>],86,0,25,10,Team.UTAH_JAZZ,235,24,59,35,11,76
1,31,noahjo01,96,0,213,78,Joakim Noah,693,50,[<Position.CENTER: 'CENTER'>],110,1,33,20,Team.MEMPHIS_GRIZZLIES,298,109,42,89,58,180
0,96,noelne01,166,0,276,54,Nerlens Noel,1055,48,[<Position.CENTER: 'CENTER'>],162,2,24,66,Team.OKLAHOMA_CITY_THUNDER,378,79,77,45,127,198
205,18,nowitdi01,76,64,376,39,Dirk Nowitzki,795,18,[<Position.POWER_FORWARD: 'POWER FORWARD'>],135,20,40,9,Team.DALLAS_MAVERICKS,373,50,51,35,5,153
115,14,ntilila01,104,33,282,23,Frank Ntilikina,904,56,[<Position.POINT_GUARD: 'POINT GUARD'>],95,16,20,30,Team.NEW_YORK_KNICKS,246,30,43,121,12,75
13,0,nunnaja01,4,5,21,4,James Nunnally,64,1,[<Position.SMALL_FORWARD: 'SMALL FORWARD'>],9,0,28,1,Team.MINNESOTA_TIMBERWOLVES,27,4,13,5,0,4
12,0,nunnaja01,6,3,13,0,James Nunnally,38,0,[<Position.SMALL_FORWARD: 'SMALL FORWARD'>],3,0,28,0,Team.HOUSTON_ROCKETS,9,0,2,2,0,1
29,103,nurkiju01,250,3,826,282,Jusuf Nurkić,1974,168,[<Position.CENTER: 'CENTER'>],420,72,24,71,Team.PORTLAND_TRAIL_BLAZERS,1125,365,72,233,243,505
75,17,nwabada01,106,24,262,58,David Nwaba,984,29,[<Position.SHOOTING_GUARD: 'SHOOTING GUARD'>],126,14,26,36,Team.CLEVELAND_CAVALIERS,334,85,51,54,41,122
176,24,onealro01,172,68,343,32,Royce O'Neale,1671,70,[<Position.SMALL_FORWARD: 'SMALL FORWARD'>],163,16,25,54,Team.UTAH_JAZZ,426,42,82,124,22,263
12,25,oquinky01,68,1,136,17,Kyle O'Quinn,371,31,[<Position.CENTER: 'CENTER'>],69,3,28,9,Team.INDIANA_PACERS,156,21,45,56,29,90
89,4,ojelese01,43,28,158,24,Semi Ojeleye,594,19,[<Position.POWER_FORWARD: 'POWER FORWARD'>],67,3,24,10,Team.BOSTON_CELTICS,186,39,56,23,24,62
5,40,okafoja01,96,1,362,59,Jahlil Okafor,935,52,[<Position.CENTER: 'CENTER'>],212,24,23,15,Team.NEW_ORLEANS_PELICANS,484,89,59,40,82,196
132,7,okoboel01,109,39,290,37,Elie Okobo,958,69,[<Position.POINT_GUARD: 'POINT GUARD'>],114,16,21,32,Team.PHOENIX_SUNS,304,47,53,127,12,86
215,33,okogijo01,166,60,508,118,Josh Okogie,1757,63,[<Position.SHOOTING_GUARD: 'SHOOTING GUARD'>],196,52,20,88,Team.MINNESOTA_TIMBERWOLVES,570,162,74,91,41,177
216,11,oladivi01,72,74,588,103,Victor Oladipo,1147,82,[<Position.SHOOTING_GUARD: 'SHOOTING GUARD'>],249,36,26,60,Team.INDIANA_PACERS,675,141,36,186,21,181
319,37,olynyke01,183,113,564,152,Kelly Olynyk,1812,114,[<Position.POWER_FORWARD: 'POWER FORWARD'>],261,36,27,53,Team.MIAMI_HEAT,787,185,79,140,72,303
374,11,osmande01,195,130,844,141,Cedi Osman,2444,114,[<Position.SMALL_FORWARD: 'SMALL FORWARD'>],360,75,23,60,Team.CLEVELAND_CAVALIERS,991,181,76,195,45,312
132,20,oubreke01,71,41,305,68,Kelly Oubre,755,30,[<Position.SMALL_FORWARD: 'SMALL FORWARD'>],132,7,23,27,Team.WASHINGTON_WIZARDS,373,85,29,20,24,105
206,39,oubreke01,110,67,537,121,Kelly Oubre,1180,73,[<Position.SMALL_FORWARD: 'SMALL FORWARD'>],243,12,23,57,Team.PHOENIX_SUNS,674,159,40,64,47,149
4,17,pachuza01,151,0,193,97,Zaza Pachulia,878,57,[<Position.CENTER: 'CENTER'>],85,3,34,31,Team.DETROIT_PISTONS,267,124,68,91,99,166
114,14,parkeja01,87,37,464,79,Jabari Parker,1042,84,[<Position.POWER_FORWARD: 'POWER FORWARD'>],220,17,23,23,Team.CHICAGO_BULLS,556,108,39,84,41,200
81,16,parkeja01,58,24,285,52,Jabari Parker,682,67,[<Position.POWER_FORWARD: 'POWER FORWARD'>],149,0,23,23,Team.WASHINGTON_WIZARDS,374,76,25,68,38,142
51,7,parketo01,53,13,463,91,Tony Parker,1003,75,[<Position.POINT_GUARD: 'POINT GUARD'>],213,0,36,21,Team.CHARLOTTE_HORNETS,530,124,56,207,14,69
94,5,parsoch01,45,29,182,22,Chandler Parsons,496,32,[<Position.SMALL_FORWARD: 'SMALL FORWARD'>],68,3,30,19,Team.MEMPHIS_GRIZZLIES,187,25,25,43,4,66
137,13,pattepa01,46,46,219,19,Patrick Patterson,861,22,[<Position.POWER_FORWARD: 'POWER FORWARD'>],82,5,29,16,Team.OKLAHOMA_CITY_THUNDER,229,30,63,31,42,105
2,0,pattoju01,5,0,7,1,Justin Patton,21,0,[<Position.CENTER: 'CENTER'>],2,0,21,2,Team.PHILADELPHIA_76ERS,5,2,3,3,2,4
355,18,paulch01,146,127,720,175,Chris Paul,1857,152,[<Position.POINT_GUARD: 'POINT GUARD'>],302,58,33,114,Team.HOUSTON_ROCKETS,906,203,58,473,36,229
59,6,payneca01,49,16,168,22,Cameron Payne,536,34,[<Position.POINT_GUARD: 'POINT GUARD'>],69,12,24,20,Team.CHICAGO_BULLS,176,25,31,83,10,43
25,3,payneca01,15,9,55,11,Cameron Payne,176,11,[<Position.POINT_GUARD: 'POINT GUARD'>],27,1,24,8,Team.CLEVELAND_CAVALIERS,74,16,9,23,3,16
105,17,paytoel01,81,33,412,55,Elfrid Payton,1250,112,[<Position.POINT_GUARD: 'POINT GUARD'>],179,42,24,44,Team.NEW_ORLEANS_PELICANS,446,74,42,320,49,171
2,1,paytoga02,2,1,8,0,Gary Payton,16,1,[<Position.POINT_GUARD: 'POINT GUARD'>],5,0,26,3,Team.WASHINGTON_WIZARDS,11,0,3,4,1,1
46,0,pinsoth01,15,12,73,19,Theo Pinson,211,18,[<Position.SHOOTING_GUARD: 'SHOOTING GUARD'>],25,0,23,6,Team.BROOKLYN_NETS,81,22,18,21,4,32
10,76,plumlma01,252,2,442,111,Mason Plumlee,1731,126,[<Position.CENTER: 'CENTER'>],262,17,28,66,Team.DENVER_NUGGETS,637,198,82,243,165,359
0,4,plumlmi01,14,0,48,16,Miles Plumlee,173,10,[<Position.CENTER: 'CENTER'>],32,0,30,6,Team.ATLANTA_HAWKS,80,30,18,17,16,23
0,68,poeltja01,124,0,290,49,Jakob Pöltl,1273,48,[<Position.CENTER: 'CENTER'>],187,24,23,29,Team.SAN_ANTONIO_SPURS,423,92,77,93,178,232
18,1,pondequ01,24,6,58,34,Quincy Pondexter,292,13,[<Position.SMALL_FORWARD: 'SMALL FORWARD'>],29,0,30,11,Team.SAN_ANTONIO_SPURS,98,42,53,24,8,38
176,22,porteot01,79,65,442,49,Otto Porter,1191,40,[<Position.SMALL_FORWARD: 'SMALL FORWARD'>],202,28,25,64,Team.WASHINGTON_WIZARDS,518,64,41,80,40,191
80,9,porteot01,29,39,201,29,Otto Porter,492,25,[<Position.SMALL_FORWARD: 'SMALL FORWARD'>],97,15,25,18,Team.CHICAGO_BULLS,262,32,15,40,14,69
72,8,portibo01,61,27,271,39,Bobby Portis,531,29,[<Position.POWER_FORWARD: 'POWER FORWARD'>],122,6,23,11,Team.CHICAGO_BULLS,310,50,22,29,46,115
119,12,portibo01,84,48,357,38,Bobby Portis,768,45,[<Position.POWER_FORWARD: 'POWER FORWARD'>],157,22,23,24,Team.WASHINGTON_WIZARDS,400,47,28,43,63,179
127,50,poweldw01,201,39,486,196,Dwight Powell,1662,67,[<Position.CENTER: 'CENTER'>],290,22,27,44,Team.DALLAS_MAVERICKS,815,254,77,112,140,271
170,13,powelno01,96,68,400,62,Norman Powell,1126,65,[<Position.SHOOTING_GUARD: 'SHOOTING GUARD'>],193,3,25,39,Team.TORONTO_RAPTORS,516,75,60,91,16,123
23,10,poythal01,47,9,81,18,Alex Poythress,305,13,[<Position.POWER_FORWARD: 'POWER FORWARD'>],40,1,25,4,Team.ATLANTA_HAWKS,107,29,21,17,29,47
0,0,qizh01,0,0,1,0,Zhou Qi,1,0,[<Position.POWER_FORWARD: 'POWER FORWARD'>],1,0,23,0,Team.HOUSTON_ROCKETS,2,0,1,0,0,0
15,14,rabbiv01,90,3,212,49,Ivan Rabb,721,35,[<Position.POWER_FORWARD: 'POWER FORWARD'>],116,13,21,17,Team.MEMPHIS_GRIZZLIES,284,69,49,54,70,136
115,3,randlch01,91,46,217,43,Chasson Randle,743,43,[<Position.POINT_GUARD: 'POINT GUARD'>],91,2,25,25,Team.WASHINGTON_WIZARDS,271,62,49,97,10,46
195,45,randlju01,246,67,1089,356,Julius Randle,2232,208,[<Position.POWER_FORWARD: 'POWER FORWARD'>],571,49,24,52,Team.NEW_ORLEANS_PELICANS,1565,487,73,229,162,472
605,17,redicjj01,129,240,1027,228,J.J. Redick,2379,101,[<Position.SHOOTING_GUARD: 'SHOOTING GUARD'>],452,63,34,32,Team.PHILADELPHIA_76ERS,1372,255,76,206,20,166
4,0,reedda01,3,2,12,0,Davon Reed,47,1,[<Position.SHOOTING_GUARD: 'SHOOTING GUARD'>],5,0,23,1,Team.INDIANA_PACERS,12,0,10,3,2,4
51,2,reynoca01,26,21,78,8,Cameron Reynolds,259,5,[<Position.SHOOTING_GUARD: 'SHOOTING GUARD'>],33,0,23,6,Team.MINNESOTA_TIMBERWOLVES,95,9,19,13,4,27
460,34,richajo01,200,164,1026,199,Josh Richardson,2539,113,[<Position.SHOOTING_GUARD: 'SHOOTING GUARD'>],423,73,25,79,Team.MIAMI_HEAT,1209,231,73,298,54,209
25,0,richama01,13,8,29,4,Malachi Richardson,103,8,[<Position.SHOOTING_GUARD: 'SHOOTING GUARD'>],9,0,23,1,Team.TORONTO_RAPTORS,30,5,22,0,2,11
106,10,riverau01,72,33,194,25,Austin Rivers,683,36,[<Position.SHOOTING_GUARD: 'SHOOTING GUARD'>],76,2,26,18,Team.WASHINGTON_WIZARDS,210,46,29,58,10,61
221,13,riverau01,135,71,378,25,Austin Rivers,1345,32,[<Position.SHOOTING_GUARD: 'SHOOTING GUARD'>],156,13,26,29,Team.HOUSTON_ROCKETS,408,49,47,109,15,76
2,6,robinde01,11,0,32,9,Devin Robinson,95,2,[<Position.SMALL_FORWARD: 'SMALL FORWARD'>],19,0,23,4,Team.WASHINGTON_WIZARDS,47,14,7,6,6,14
35,0,robindu01,11,10,46,4,Duncan Robinson,161,4,[<Position.POWER_FORWARD: 'POWER FORWARD'>],18,1,24,5,Team.MIAMI_HEAT,50,6,15,5,2,17
62,8,robingl02,45,18,176,32,Glenn Robinson,610,18,[<Position.SMALL_FORWARD: 'SMALL FORWARD'>],74,18,25,14,Team.DETROIT_PISTONS,198,40,47,21,17,54
57,3,robinje01,46,18,110,6,Jerome Robinson,320,13,[<Position.SHOOTING_GUARD: 'SHOOTING GUARD'>],44,0,21,11,Team.LOS_ANGELES_CLIPPERS,112,9,33,19,3,38
0,161,robinmi01,217,0,291,81,Mitchell Robinson,1360,35,[<Position.CENTER: 'CENTER'>],202,19,20,52,Team.NEW_YORK_KNICKS,485,135,66,37,177,246
142,7,rondora01,100,51,432,23,Rajon Rondo,1369,127,[<Position.POINT_GUARD: 'POINT GUARD'>],175,29,32,57,Team.LOS_ANGELES_LAKERS,424,36,46,367,34,209
146,12,rosede01,57,54,753,137,Derrick Rose,1392,82,[<Position.POINT_GUARD: 'POINT GUARD'>],363,13,30,31,Team.MINNESOTA_TIMBERWOLVES,917,160,51,220,33,107
566,29,rosste01,119,217,1027,126,Terrence Ross,2150,90,[<Position.SHOOTING_GUARD: 'SHOOTING GUARD'>],440,0,27,72,Team.ORLANDO_MAGIC,1223,144,81,135,27,253
337,21,roziete01,101,119,666,73,Terry Rozier,1791,68,[<Position.POINT_GUARD: 'POINT GUARD'>],258,14,24,68,Team.BOSTON_CELTICS,708,93,79,231,32,275
254,10,rubiori01,180,79,730,195,Ricky Rubio,1899,180,[<Position.POINT_GUARD: 'POINT GUARD'>],295,67,28,91,Team.UTAH_JAZZ,864,228,68,416,33,210
635,20,russeda01,141,234,1517,160,D'Angelo Russell,2448,253,[<Position.POINT_GUARD: 'POINT GUARD'>],659,81,22,100,Team.BROOKLYN_NETS,1712,205,81,563,53,262
17,30,sabondo01,239,9,700,208,Domantas Sabonis,1838,160,[<Position.CENTER: 'CENTER'>],413,5,22,48,Team.INDIANA_PACERS,1043,291,74,212,186,504
29,3,sampsbr01,19,11,60,4,Brandon Sampson,214,12,[<Position.SHOOTING_GUARD: 'SHOOTING GUARD'>],28,2,21,8,Team.CHICAGO_BULLS,71,6,14,10,3,13
14,3,sampsja02,8,5,54,17,JaKarr Sampson,127,4,[<Position.SMALL_FORWARD: 'SMALL FORWARD'>],29,0,25,4,Team.CHICAGO_BULLS,80,21,4,4,5,27
70,3,saricda01,39,21,132,27,Dario Šarić,396,25,[<Position.POWER_FORWARD: 'POWER FORWARD'>],48,13,24,4,Team.PHILADELPHIA_76ERS,144,30,13,26,21,65
253,6,saricda01,143,97,564,105,Dario Šarić,1627,72,[<Position.POWER_FORWARD: 'POWER FORWARD'>],256,28,24,41,Team.MINNESOTA_TIMBERWOLVES,714,120,68,101,105,266
162,13,satorto01,172,64,530,131,Tomáš Satoranský,2164,120,[<Position.POINT_GUARD: 'POINT GUARD'>],257,54,27,82,Team.WASHINGTON_WIZARDS,709,160,80,399,82,197
364,12,schrode01,189,124,1104,186,Dennis Schröder,2314,172,[<Position.POINT_GUARD: 'POINT GUARD'>],457,14,25,65,Team.OKLAHOMA_CITY_THUNDER,1224,227,79,323,38,246
133,8,scottmi01,88,52,230,12,Mike Scott,748,27,[<Position.POWER_FORWARD: 'POWER FORWARD'>],92,0,30,17,Team.LOS_ANGELES_CLIPPERS,248,18,52,44,24,150
119,5,scottmi01,68,49,190,10,Mike Scott,647,17,[<Position.POWER_FORWARD: 'POWER FORWARD'>],76,3,30,9,Team.PHILADELPHIA_76ERS,211,15,27,22,19,83
78,5,sefolth01,41,34,149,14,Thabo Sefolosha,609,25,[<Position.SMALL_FORWARD: 'SMALL FORWARD'>],71,2,34,43,Team.UTAH_JAZZ,190,22,50,27,8,115
63,6,seldewa01,48,20,161,22,Wayne Selden,455,23,[<Position.SHOOTING_GUARD: 'SHOOTING GUARD'>],65,0,24,10,Team.MEMPHIS_GRIZZLIES,172,29,32,36,16,28
111,7,seldewa01,83,35,322,45,Wayne Selden,984,56,[<Position.SHOOTING_GUARD: 'SHOOTING GUARD'>],131,13,24,23,Team.CHICAGO_BULLS,342,63,43,73,21,115
296,6,sextoco01,186,119,1206,214,Collin Sexton,2605,185,[<Position.POINT_GUARD: 'POINT GUARD'>],519,72,20,44,Team.CLEVELAND_CAVALIERS,1371,255,82,243,57,179
245,8,shamela01,106,99,347,44,Landry Shamet,1108,26,[<Position.SHOOTING_GUARD: 'SHOOTING GUARD'>],153,4,21,24,Team.PHILADELPHIA_76ERS,449,54,54,59,14,64
151,2,shamela01,49,68,210,31,Landry Shamet,694,19,[<Position.SHOOTING_GUARD: 'SHOOTING GUARD'>],87,23,21,13,Team.LOS_ANGELES_CLIPPERS,273,39,25,58,7,49
202,20,shumpim01,92,74,348,34,Iman Shumpert,1099,38,[<Position.SHOOTING_GUARD: 'SHOOTING GUARD'>],133,40,28,47,Team.SACRAMENTO_KINGS,374,41,42,91,19,110
71,4,shumpim01,35,21,98,2,Iman Shumpert,382,12,[<Position.SHOOTING_GUARD: 'SHOOTING GUARD'>],34,1,28,12,Team.HOUSTON_ROCKETS,91,4,20,21,8,46
214,52,siakapa01,241,79,945,237,Pascal Siakam,2548,154,[<Position.POWER_FORWARD: 'POWER FORWARD'>],519,79,24,73,Team.TORONTO_RAPTORS,1354,302,80,248,124,425
1,0,siberjo01,0,1,1,0,Jordan Sibert,4,0,[<Position.SHOOTING_GUARD: 'SHOOTING GUARD'>],1,0,26,0,Team.ATLANTA_HAWKS,3,0,1,0,0,0
6,61,simmobe01,209,0,960,257,Ben Simmons,2700,274,[<Position.POINT_GUARD: 'POINT GUARD'>],540,79,22,112,Team.PHILADELPHIA_76ERS,1337,428,79,610,172,525
83,14,simmojo02,68,19,286,56,Jonathon Simmons,845,56,[<Position.SHOOTING_GUARD: 'SHOOTING GUARD'>],104,9,29,18,Team.ORLANDO_MAGIC,283,72,41,95,23,77
21,1,simmojo02,21,9,64,16,Jonathon Simmons,219,12,[<Position.SMALL_FORWARD: 'SMALL FORWARD'>],29,0,29,11,Team.PHILADELPHIA_76ERS,83,25,15,33,4,22
0,0,simmoko01,0,0,0,0,Kobi Simmons,2,0,[<Position.POINT_GUARD: 'POINT GUARD'>],0,0,21,0,Team.CLEVELAND_CAVALIERS,0,0,1,0,0,0
29,0,simonan01,9,10,63,9,Anfernee Simons,141,11,[<Position.SHOOTING_GUARD: 'SHOOTING GUARD'>],28,1,19,1,Team.PORTLAND_TRAIL_BLAZERS,75,16,20,13,3,10
346,28,smartma01,201,126,567,104,Marcus Smart,2200,123,[<Position.SHOOTING_GUARD: 'SHOOTING GUARD'>],239,60,24,143,Team.BOSTON_CELTICS,708,129,80,321,57,177
125,11,smithde03,82,43,357,57,Dennis Smith,908,100,[<Position.POINT_GUARD: 'POINT GUARD'>],157,32,21,40,Team.DALLAS_MAVERICKS,414,82,32,138,18,79
83,9,smithde03,47,24,293,42,Dennis Smith,600,54,[<Position.POINT_GUARD: 'POINT GUARD'>],121,18,21,27,Team.NEW_YORK_KNICKS,308,74,21,114,14,44
135,11,smithis01,109,44,489,47,Ish Smith,1251,61,[<Position.POINT_GUARD: 'POINT GUARD'>],205,0,30,28,Team.DETROIT_PISTONS,501,62,56,203,23,122
39,3,smithjr01,19,12,79,8,J.R. Smith,222,11,[<Position.SHOOTING_GUARD: 'SHOOTING GUARD'>],27,4,33,11,Team.CLEVELAND_CAVALIERS,74,10,11,21,0,18
10,5,smithja02,21,4,37,10,Jason Smith,130,7,[<Position.CENTER: 'CENTER'>],15,1,32,1,Team.WASHINGTON_WIZARDS,44,12,12,12,11,26
9,2,smithja02,6,3,13,2,Jason Smith,40,5,[<Position.POWER_FORWARD: 'POWER FORWARD'>],4,0,32,2,Team.MILWAUKEE_BUCKS,13,2,6,1,3,8
7,0,smithja02,3,2,9,2,Jason Smith,20,1,[<Position.CENTER: 'CENTER'>],2,0,32,0,Team.NEW_ORLEANS_PELICANS,8,2,2,1,2,2
16,2,smithzh01,8,6,34,6,Zhaire Smith,111,6,[<Position.SHOOTING_GUARD: 'SHOOTING GUARD'>],14,2,19,2,Team.PHILADELPHIA_76ERS,40,8,6,10,3,10
204,18,snellto01,90,81,361,37,Tony Snell,1304,23,[<Position.SMALL_FORWARD: 'SMALL FORWARD'>],163,12,27,26,Team.MILWAUKEE_BUCKS,444,42,74,68,29,128
0,0,spaldra01,0,0,0,0,Ray Spalding,1,0,[<Position.POWER_FORWARD: 'POWER FORWARD'>],0,0,21,0,Team.DALLAS_MAVERICKS,0,0,1,0,0,0
3,8,spaldra01,23,0,47,4,Ray Spalding,147,9,[<Position.POWER_FORWARD: 'POWER FORWARD'>],25,3,21,9,Team.PHOENIX_SUNS,54,12,13,5,15,33
128,25,spellom01,67,44,244,32,Omari Spellman,805,31,[<Position.POWER_FORWARD: 'POWER FORWARD'>],98,11,21,26,Team.ATLANTA_HAWKS,272,45,46,47,72,122
125,4,stausni01,31,43,229,32,Nik Stauskas,673,40,[<Position.SHOOTING_GUARD: 'SHOOTING GUARD'>],96,0,25,14,Team.PORTLAND_TRAIL_BLAZERS,267,36,44,62,10,70
63,3,stausni01,19,27,109,25,Nik Stauskas,342,11,[<Position.SHOOTING_GUARD: 'SHOOTING GUARD'>],40,0,25,7,Team.CLEVELAND_CAVALIERS,132,28,24,19,8,39
0,0,stephdj01,0,0,2,0,D.J. Stephens,7,1,[<Position.SHOOTING_GUARD: 'SHOOTING GUARD'>],1,0,28,1,Team.MEMPHIS_GRIZZLIES,2,0,1,0,0,0
197,7,stephla01,111,73,432,50,Lance Stephenson,1123,86,[<Position.SHOOTING_GUARD: 'SHOOTING GUARD'>],184,3,28,41,Team.LOS_ANGELES_LAKERS,491,73,68,140,32,183
27,5,sumneed01,26,7,64,15,Edmond Sumner,210,10,[<Position.POINT_GUARD: 'POINT GUARD'>],22,2,23,12,Team.INDIANA_PACERS,66,24,23,10,9,15
5,0,swanica01,22,1,44,6,Caleb Swanigan,145,16,[<Position.POWER_FORWARD: 'POWER FORWARD'>],14,0,21,4,Team.PORTLAND_TRAIL_BLAZERS,35,7,18,7,13,39
2,1,swanica01,6,0,9,0,Caleb Swanigan,33,2,[<Position.POWER_FORWARD: 'POWER FORWARD'>],4,0,21,2,Team.SACRAMENTO_KINGS,8,2,3,4,4,8
311,57,tatumja01,168,116,1036,195,Jayson Tatum,2455,122,[<Position.SMALL_FORWARD: 'SMALL FORWARD'>],466,79,20,84,Team.BOSTON_CELTICS,1243,228,79,168,70,407
105,18,teaguje01,90,35,416,123,Jeff Teague,1264,97,[<Position.POINT_GUARD: 'POINT GUARD'>],176,41,30,43,Team.MINNESOTA_TIMBERWOLVES,510,153,42,343,16,90
210,25,templga01,134,74,387,57,Garrett Temple,1530,54,[<Position.SHOOTING_GUARD: 'SHOOTING GUARD'>],166,49,32,50,Team.MEMPHIS_GRIZZLIES,463,76,49,69,18,134
54,5,templga01,70,16,106,23,Garrett Temple,510,16,[<Position.SHOOTING_GUARD: 'SHOOTING GUARD'>],42,6,32,26,Team.LOS_ANGELES_CLIPPERS,123,31,26,37,10,54
27,1,teodomi01,27,10,40,4,Miloš Teodosić,150,21,[<Position.POINT_GUARD: 'POINT GUARD'>],17,0,31,3,Team.LOS_ANGELES_CLIPPERS,48,7,15,32,3,13
17,2,terreja01,16,4,39,3,Jared Terrell,111,10,[<Position.SHOOTING_GUARD: 'SHOOTING GUARD'>],12,0,23,3,Team.MINNESOTA_TIMBERWOLVES,31,6,14,12,1,5
0,0,terryem01,4,0,6,1,Emanuel Terry,20,2,[<Position.POWER_FORWARD: 'POWER FORWARD'>],4,0,22,3,Team.PHOENIX_SUNS,9,2,2,1,2,4
0,0,terryem01,0,0,1,1,Emanuel Terry,3,0,[<Position.POWER_FORWARD: 'POWER FORWARD'>],0,0,22,0,Team.MIAMI_HEAT,1,2,1,1,1,0
67,42,theisda01,161,26,266,56,Daniel Theis,908,33,[<Position.CENTER: 'CENTER'>],146,2,26,21,Team.BOSTON_CELTICS,374,76,66,68,87,138
43,1,thomais02,17,12,99,17,Isaiah Thomas,181,18,[<Position.SHOOTING_GUARD: 'SHOOTING GUARD'>],34,0,29,5,Team.DENVER_NUGGETS,97,27,12,23,5,8
35,5,thomakh01,22,10,69,7,Khyri Thomas,195,4,[<Position.SHOOTING_GUARD: 'SHOOTING GUARD'>],22,0,22,7,Team.DETROIT_PISTONS,61,11,26,8,4,16
79,7,thomala01,83,22,197,27,Lance Thomas,783,24,[<Position.POWER_FORWARD: 'POWER FORWARD'>],78,17,30,17,Team.NEW_YORK_KNICKS,205,36,46,27,21,96
599,47,thompkl01,157,241,1402,129,Klay Thompson,2652,115,[<Position.SHOOTING_GUARD: 'SHOOTING GUARD'>],655,78,28,84,Team.GOLDEN_STATE_WARRIORS,1680,158,78,186,37,262
0,16,thomptr01,89,0,380,68,Tristan Thompson,1198,59,[<Position.CENTER: 'CENTER'>],201,40,27,28,Team.CLEVELAND_CAVALIERS,470,106,43,86,173,265
15,7,thornsi01,41,3,49,25,Sindarius Thornwell,313,20,[<Position.SHOOTING_GUARD: 'SHOOTING GUARD'>],17,1,24,14,Team.LOS_ANGELES_CLIPPERS,62,34,64,18,5,39
215,21,tollian01,91,81,259,47,Anthony Tolliver,1079,36,[<Position.POWER_FORWARD: 'POWER FORWARD'>],99,0,33,17,Team.MINNESOTA_TIMBERWOLVES,326,60,65,46,15,162
355,125,townska01,292,142,1314,376,Karl-Anthony Towns,2545,240,[<Position.CENTER: 'CENTER'>],681,77,23,67,Team.MINNESOTA_TIMBERWOLVES,1880,450,77,259,263,691
21,2,trentga02,4,5,50,3,Gary Trent,111,4,[<Position.SHOOTING_GUARD: 'SHOOTING GUARD'>],16,1,20,1,Team.PORTLAND_TRAIL_BLAZERS,40,7,15,5,1,10
132,14,trieral01,117,52,518,179,Allonzo Trier,1459,116,[<Position.SHOOTING_GUARD: 'SHOOTING GUARD'>],232,3,23,28,Team.NEW_YORK_KNICKS,695,223,64,119,31,166
387,39,tuckepj01,252,146,523,41,P.J. Tucker,2802,63,[<Position.POWER_FORWARD: 'POWER FORWARD'>],207,82,33,132,Team.HOUSTON_ROCKETS,601,59,82,96,121,358
52,18,turneev01,110,11,443,75,Evan Turner,1605,114,[<Position.POINT_GUARD: 'POINT GUARD'>],204,2,30,33,Team.PORTLAND_TRAIL_BLAZERS,494,106,73,283,37,291
196,199,turnemy01,195,76,780,148,Myles Turner,2119,100,[<Position.CENTER: 'CENTER'>],380,74,22,60,Team.INDIANA_PACERS,984,201,74,115,101,430
0,31,udohek01,36,0,72,19,Ekpe Udoh,320,13,[<Position.CENTER: 'CENTER'>],50,1,31,10,Team.UTAH_JAZZ,119,30,51,28,27,63
0,0,ulisty01,0,0,0,0,Tyler Ulis,1,0,[<Position.POINT_GUARD: 'POINT GUARD'>],0,0,23,0,Team.CHICAGO_BULLS,0,0,1,0,0,0
30,23,valanjo01,82,9,259,77,Jonas Valančiūnas,564,39,[<Position.CENTER: 'CENTER'>],149,10,26,13,Team.TORONTO_RAPTORS,384,94,30,29,54,162
18,30,valanjo01,64,5,279,70,Jonas Valančiūnas,527,51,[<Position.CENTER: 'CENTER'>],152,17,26,6,Team.MEMPHIS_GRIZZLIES,379,91,19,41,52,151
1,1,vandeja01,8,0,19,6,Jarred Vanderbilt,69,8,[<Position.POWER_FORWARD: 'POWER FORWARD'>],9,0,19,6,Team.DENVER_NUGGETS,24,10,17,3,7,16
296,20,vanvlfr01,110,112,600,97,Fred VanVleet,1760,82,[<Position.POINT_GUARD: 'POINT GUARD'>],246,28,24,57,Team.TORONTO_RAPTORS,701,115,64,307,21,146
137,51,vonleno01,174,46,440,111,Noah Vonleh,1722,88,[<Position.POWER_FORWARD: 'POWER FORWARD'>],207,57,23,46,Team.NEW_YORK_KNICKS,571,156,68,129,113,415
231,89,vucevni01,157,84,1354,179,Nikola Vučević,2510,159,[<Position.CENTER: 'CENTER'>],701,80,28,81,Team.ORLANDO_MAGIC,1665,227,80,307,224,736
261,38,wadedw01,118,86,960,165,Dwyane Wade,1885,166,[<Position.SHOOTING_GUARD: 'SHOOTING GUARD'>],416,2,37,59,Team.MIAMI_HEAT,1083,233,72,301,69,216
77,13,wagnemo01,57,22,171,43,Moritz Wagner,446,39,[<Position.CENTER: 'CENTER'>],71,5,21,11,Team.LOS_ANGELES_LAKERS,207,53,43,24,17,68
289,9,waitedi01,72,109,478,22,Dion Waiters,1138,64,[<Position.SHOOTING_GUARD: 'SHOOTING GUARD'>],198,28,27,29,Team.MIAMI_HEAT,527,44,44,121,7,109
731,34,walkeke02,131,260,1684,380,Kemba Walker,2863,211,[<Position.POINT_GUARD: 'POINT GUARD'>],731,82,28,102,Team.CHARLOTTE_HORNETS,2102,450,82,484,52,309
13,3,walkelo01,7,5,46,8,Lonnie Walker,118,4,[<Position.SHOOTING_GUARD: 'SHOOTING GUARD'>],16,0,20,7,Team.SAN_ANTONIO_SPURS,45,10,17,9,0,17
169,29,walljo01,71,51,552,122,John Wall,1104,121,[<Position.POINT_GUARD: 'POINT GUARD'>],245,32,28,49,Team.WASHINGTON_WIZARDS,663,175,32,279,15,101
19,7,wallaty01,83,4,217,30,Tyrone Wallace,628,36,[<Position.POINT_GUARD: 'POINT GUARD'>],92,0,24,21,Team.LOS_ANGELES_CLIPPERS,218,57,62,42,20,81
315,19,princta02,141,123,594,95,Taurean Waller-Prince,1552,100,[<Position.SMALL_FORWARD: 'SMALL FORWARD'>],262,47,24,53,Team.ATLANTA_HAWKS,742,116,55,118,22,177
39,2,wanambr01,34,16,105,24,Brad Wanamaker,343,19,[<Position.POINT_GUARD: 'POINT GUARD'>],50,0,29,12,Team.BOSTON_CELTICS,140,28,36,56,3,38
180,29,warretj01,119,77,611,101,T.J. Warren,1360,52,[<Position.SMALL_FORWARD: 'SMALL FORWARD'>],297,36,25,51,Team.PHOENIX_SUNS,772,124,43,64,31,143
24,2,washbju01,16,5,48,3,Julian Washburn,254,7,[<Position.SMALL_FORWARD: 'SMALL FORWARD'>],16,3,27,13,Team.MEMPHIS_GRIZZLIES,40,4,18,14,8,33
16,1,watanyu01,11,2,51,7,Yuta Watanabe,174,6,[<Position.SMALL_FORWARD: 'SMALL FORWARD'>],15,0,24,4,Team.MEMPHIS_GRIZZLIES,39,10,15,8,4,27
7,0,welshth01,3,3,13,1,Thomas Welsh,36,1,[<Position.CENTER: 'CENTER'>],7,0,22,0,Team.DENVER_NUGGETS,18,2,11,5,0,4
411,33,westbru01,245,119,1473,296,Russell Westbrook,2630,325,[<Position.POINT_GUARD: 'POINT GUARD'>],630,73,30,142,Team.OKLAHOMA_CITY_THUNDER,1675,451,73,784,109,698
142,47,whitede01,145,48,543,95,Derrick White,1728,97,[<Position.POINT_GUARD: 'POINT GUARD'>],260,55,24,67,Team.SAN_ANTONIO_SPURS,663,123,67,263,35,212
2,0,whiteok01,0,0,2,0,Okaro White,6,0,[<Position.POWER_FORWARD: 'POWER FORWARD'>],0,0,26,0,Team.WASHINGTON_WIZARDS,0,0,3,0,1,1
16,136,whiteha01,192,2,680,109,Hassan Whiteside,1674,97,[<Position.CENTER: 'CENTER'>],388,53,29,46,Team.MIAMI_HEAT,887,243,72,56,257,560
348,48,wiggian01,153,118,1209,207,Andrew Wiggins,2543,138,[<Position.SMALL_FORWARD: 'SMALL FORWARD'>],498,73,23,70,Team.MINNESOTA_TIMBERWOLVES,1321,296,73,184,83,269
1,0,willial03,2,0,13,2,Alan Williams,26,1,[<Position.POWER_FORWARD: 'POWER FORWARD'>],8,0,26,1,Team.BROOKLYN_NETS,18,4,5,3,4,15
16,0,willicj01,16,5,35,0,C.J. Williams,128,5,[<Position.SHOOTING_GUARD: 'SHOOTING GUARD'>],17,0,28,6,Team.MINNESOTA_TIMBERWOLVES,39,1,15,12,1,7
2,7,willijo04,62,0,110,27,Johnathan Williams,372,16,[<Position.CENTER: 'CENTER'>],65,0,23,8,Team.LOS_ANGELES_LAKERS,157,48,24,13,48,51
156,19,willike04,95,52,279,13,Kenrich Williams,1079,36,[<Position.SMALL_FORWARD: 'SMALL FORWARD'>],107,29,24,45,Team.NEW_ORLEANS_PELICANS,279,19,46,83,55,164
291,11,willilo02,80,105,1138,425,Lou Williams,1993,181,[<Position.SHOOTING_GUARD: 'SHOOTING GUARD'>],484,1,32,57,Team.LOS_ANGELES_CLIPPERS,1498,485,75,402,40,182
382,61,willima02,156,140,652,66,Marvin Williams,2133,47,[<Position.POWER_FORWARD: 'POWER FORWARD'>],275,75,32,71,Team.CHARLOTTE_HORNETS,756,86,75,92,76,331
0,40,williro04,36,0,51,9,Robert Williams,283,10,[<Position.CENTER: 'CENTER'>],36,2,21,9,Team.BOSTON_CELTICS,81,15,32,7,27,54
44,8,willitr02,37,14,98,9,Troy Williams,312,9,[<Position.SMALL_FORWARD: 'SMALL FORWARD'>],44,0,24,10,Team.SACRAMENTO_KINGS,111,15,21,11,12,47
127,20,wilsodj01,85,46,251,26,D.J. Wilson,882,32,[<Position.POWER_FORWARD: 'POWER FORWARD'>],104,3,22,18,Team.MILWAUKEE_BUCKS,280,47,48,52,45,177
256,19,winslju01,177,96,749,86,Justise Winslow,1959,142,[<Position.SMALL_FORWARD: 'SMALL FORWARD'>],324,52,22,72,Team.MIAMI_HEAT,830,137,66,282,63,292
5,0,woodch01,3,3,25,10,Christian Wood,62,3,[<Position.POWER_FORWARD: 'POWER FORWARD'>],12,0,23,0,Team.MILWAUKEE_BUCKS,37,15,13,2,4,16
21,10,woodch01,14,6,92,31,Christian Wood,189,14,[<Position.POWER_FORWARD: 'POWER FORWARD'>],49,2,23,7,Team.NEW_ORLEANS_PELICANS,135,41,8,6,13,50
90,15,wrighde01,53,30,293,53,Delon Wright,897,37,[<Position.POINT_GUARD: 'POINT GUARD'>],127,2,26,46,Team.TORONTO_RAPTORS,337,61,49,110,39,86
78,15,wrighde01,50,20,265,66,Delon Wright,802,40,[<Position.POINT_GUARD: 'POINT GUARD'>],115,11,26,42,Team.MEMPHIS_GRIZZLIES,316,89,26,138,29,112
28,7,yabusgu01,32,9,77,15,Guerschon Yabusele,251,15,[<Position.POWER_FORWARD: 'POWER FORWARD'>],35,1,23,8,Team.BOSTON_CELTICS,94,22,41,15,23,30
8,1,youngni01,4,3,9,0,Nick Young,37,2,[<Position.SHOOTING_GUARD: 'SHOOTING GUARD'>],3,0,33,0,Team.DENVER_NUGGETS,9,0,4,2,0,1
146,36,youngth01,194,51,841,87,Thaddeus Young,2489,123,[<Position.POWER_FORWARD: 'POWER FORWARD'>],443,81,30,123,Team.INDIANA_PACERS,1024,135,81,204,192,331
482,15,youngtr01,140,156,1256,343,Trae Young,2503,308,[<Position.POINT_GUARD: 'POINT GUARD'>],525,81,20,72,Team.ATLANTA_HAWKS,1549,414,81,653,64,237
22,41,zelleco01,164,6,345,111,Cody Zeller,1243,62,[<Position.CENTER: 'CENTER'>],190,47,26,38,Team.CHARLOTTE_HORNETS,497,141,49,102,110,223
1,0,zellety01,4,0,2,0,Tyler Zeller,11,0,[<Position.CENTER: 'CENTER'>],0,0,29,0,Team.ATLANTA_HAWKS,0,0,2,1,2,4
0,3,zellety01,16,0,28,14,Tyler Zeller,82,4,[<Position.CENTER: 'CENTER'>],16,1,29,1,Team.MEMPHIS_GRIZZLIES,46,18,4,3,9,9
0,22,zizican01,113,0,331,93,Ante Žižić,1082,61,[<Position.CENTER: 'CENTER'>],183,25,22,13,Team.CLEVELAND_CAVALIERS,459,132,59,53,108,212
0,27,zubaciv01,73,0,193,57,Ivica Zubac,516,33,[<Position.CENTER: 'CENTER'>],112,12,21,4,Team.LOS_ANGELES_LAKERS,281,66,33,25,54,108
0,24,zubaciv01,64,0,186,44,Ivica Zubac,524,37,[<Position.CENTER: 'CENTER'>],100,25,21,10,Team.LOS_ANGELES_CLIPPERS,244,60,26,38,61,139
